page1:,新星小区,西湖西湖三墩三墩街,新星小区 刚需户型 户型正气南北通透，采光无遮挡。,190,万35823元/O,3室1厅1卫,53O,共5层,
page1:,崇化小区,"萧山城厢崇明路,近崇化路",新出带院子赠送50方崇化小区 精装可拎包入住 有储藏室满五年,193,万33659元/O,3室1厅1卫,57.3O,共5层,"['近地铁', '配套成熟', '环境优美']"
page1:,建电新村,江干凯旋/采荷庆春东路111-139号,采荷一小本部 临近地铁 标准两房主卧朝南次卧朝北西边套,240,万52644元/O,2室1厅1卫,45.6O,共5层,['南北通透']
page1:,新星小区,西湖西湖三墩三墩街,新星小区  全明边套 自住装修 户型正气   楼层 采光充足,190,万36958元/O,2室1厅1卫,51.4O,共5层,
page1:,仓基新村,拱墅湖墅湖墅南路,户型方正.，装修清爽采光好，小区环境优美，安全性高,255,万45455元/O,3室1厅1卫,56.1O,中层(共7层),
page1:,邱山大街411号小区,余杭临平邱山大街411号,急甩！一号线临平地铁口900米！三证齐全！首付15万！精装修,86,万17166元/O,3室2厅2卫,50.1O,共5层,"['近地铁', '安全性高', '交通便利']"
page1:,庆丰新村,西湖黄龙西溪路394号,新村 新出两室小户型 采光好 客厅有窗,250,万50649元/O,2室1厅1卫,49.4O,低层(共6层),
page1:,双菱小区,江干凯旋/采荷双菱路33-37号,"采荷1小,新上2房,中间楼层,采光佳,小区口是2号线地铁口",258,万55688元/O,2室1厅1卫,46.3O,低层(共7层),['拎包入住']
page1:,濮家新村,江干闸弄口秋涛北路385号,（真实保真）濮家新村 不占学籍 带院子 精装修 近地铁,240,万42652元/O,2室1厅1卫,56.3O,低层(共6层),"['近地铁', '品质小区', '繁华地段']"
page1:,树园小区,下城建国路建国北路426号,自住标准两房 送30万精装修 带30方大院子 南北双开门,240,万49161元/O,2室2厅1卫,48.8O,低层(共6层),
page1:,碧桂园越溪府(别墅),"萧山临浦东藩路,近临北路",碧桂园越溪府！双拼别墅带花园！近地铁口！高品质小区！外地可买,92.4,万16800元/O,3室2厅2卫,55O,共2层,"['近地铁', '配套成熟', '繁华地段']"
page1:,绿苑公寓,余杭临平邱山大街344号,首付可20万，精装送车位，无需社保，家具家电全送，一线江景房,79,万15800元/O,3室2厅2卫,50O,共5层,"['近地铁', '送家电', '送车位']"
page1:,西江塘小区,萧山开发区劳动路,样板房装修 三房两厅拎包入住 可落户上学 看房方便来电立减9,68,万12973元/O,3室2厅2卫,52.4O,共4层,"['安全性高', '近地铁', '品质小区']"
page1:,宋都相贤府(别墅),"钱塘新区义蓬向阳路,近横一线",7号线地铁口的精装别墅！送阁楼！可落户上学！产证清晰外地可买,73.5,万16334元/O,3室2厅2卫,45O,共3层,"['近地铁', '配套成熟', '繁华地段']"
page1:,金盛花苑,余杭临平世纪大道33号,房东急售 来电立减5万 无需社保 外地人可买 精装修带车位,95,万17273元/O,3室2厅1卫,55O,共5层,
page1:,十亩田家园,上城复兴化仙桥路27号,必看好房 近地铁 两房朝南 中间楼层！自住装修 很清爽,190,万36915元/O,2室1厅1卫,51.5O,共5层,
page1:,新星小区,西湖西湖三墩三墩街,新上好房，西湖区 低总价好房 中间楼层 配套齐全,188,万35512元/O,2室1厅1卫,52.9O,共5层,
page1:,六眼井,"滨江西兴固陵路,近青年路",必看好房满五年，春晖学区 ，租金4000南北通透全明两房,199,万33452元/O,2室2厅1卫,59.5O,共5层,
page1:,朝晖五小区,下城朝晖河东路172号,西湖文化广场双地口 南北两房 厨卫朝北全明 南北通透诚心售,198,万38687元/O,2室1厅1卫,51.2O,共5层,"['繁华地段', '近地铁', '配套成熟']"
page1:,北景莲趣苑,下城北景园回龙路162号,满5年没有税，地铁口0距离，拎包入住，上9年景成实验，近银泰,195,万32615元/O,2室1厅1卫,59.8O,共5层,"['配套成熟', '近地铁', '全南户型']"
page1:,昆仑水印城,滨江长河滨盛路2242号,水印城新上！！读闻涛！不占学籍！户口已迁出！,256,万57632元/O,3室2厅2卫,44.4O,低层(共18层),"['繁华地段', '品质小区', '安全性高']"
page1:,朝晖四小区,下城朝晖新市街41号,院子靠河边的，餐饮店老板，着急资金周转，低于市场单价5000,180,万35957元/O,2室1厅1卫,50.1O,低层(共7层),['南北通透']
page1:,翠苑五区,西湖翠苑文二路418号,南北通透两房，自住精装修，采用材料环保安全，近地铁，近学校，,180,万33765元/O,2室1厅1卫,53.3O,低层(共7层),"['品质小区', '次新小区', '配套成熟']"
page1:,古荡新村(东区),"西湖古荡文三西路,近益乐路",双地铁 古荡新村 全新装修两月 2室1厅   48平 急售,189,万38889元/O,2室1厅1卫,48.6O,低层(共6层),"['品质小区', '繁华地段', '安全性高']"
page1:,古荡新村(东区),"西湖古荡文三西路,近益乐路",2室1厅 满五  住房 48平 精装修 楼层好 视野无遮挡,195,万40124元/O,2室1厅1卫,48.6O,低层(共6层),"['配套成熟', '近地铁', '环境优美']"
page1:,回澜南苑(东区),萧山城厢回澜路228号,洄澜南苑 小面积低总价的学府房，学籍不占 诚售,198,万33617元/O,2室1厅1卫,58.9O,低层(共7层),
page1:,翠苑一区,西湖翠苑学院路159号,20万精装修翠苑婚房！工作调动外地置换买！家居全部留下,192,万40084元/O,2室1厅1卫,47.9O,低层(共7层),['南北通透']
page1:,五一新村,拱墅湖墅湖墅南路284-288号,五一新村 标准小套户型 楼层好 采光佳 交通便利,198,万45103元/O,2室1厅1卫,43.9O,低层(共6层),
page1:,大关南三苑,"拱墅大关香苑路,近胜利闸路",大关南三苑 新出 边套全明户型 房东诚心出 急售降20万,180,万31535元/O,2室1厅1卫,57.1O,低层(共6层),"['品质小区', '配套成熟', '环境优美']"
page1:,景芳三区,江干景芳景芳路164号,年底急售降15万！价格还能谈 景芳三区 主卧朝南 视野无遮挡,190,万38959元/O,2室0厅1卫,48.8O,低层(共7层),"['品质小区', '交通便利', '配套成熟']"
page1:,之江路182号楼,西湖转塘之江路182号,地铁口旁 190万 电梯房 3室2厅 精装修 满二  住房,190,万33217元/O,3室2厅2卫,57.2O,低层(共15层),"['品质小区', '近地铁', '双阳台']"
page1:,崇化小区,"萧山城厢崇明路,近崇化路",崇化小区 精装修 满五 带大院子 河景房 随时看房,193,万33507元/O,4室1厅1卫,57.6O,低层(共6层),
page1:,草荡苑北区,余杭未来科技城永寿街,电梯房 满五  住房 草荡苑北区 3室2厅 44平 楼层好,88,万20000元/O,3室2厅2卫,44O,共5层,"['品质小区', '繁华地段', '配套成熟']"
page1:,未来七彩小镇(商住楼),余杭闲林闲富中路46号,未来科技城低总价房 外地人可买 随时可看,80.95,万15449元/O,3室2厅1卫,52.4O,共5层,"['品质小区', '环境优美', '配套成熟']"
page1:,塘栖嘉园,余杭塘栖景河路26号,精装修 49平 电梯房 3室1厅 65万 诚心出售 价格可议,65,万13266元/O,3室1厅1卫,49O,共5层,"['品质小区', '配套成熟', '近地铁']"
page1:,后市街小区,"上城吴山/清波门后市街,近惠民路",西湖银泰附近新出两房，精装修26万，户型正气，近地铁口，急卖,258,万43087元/O,2室1厅1卫,59.9O,高层(共7层),"['繁华地段', '近地铁', '交通便利']"
page1:,湖墅新村(西区),拱墅湖墅草营巷35号,湖墅新村 2室1厅 中间楼层 视野采光好 看房方便,240,万48870元/O,2室1厅1卫,49.1O,中层(共7层),
page1:,湖墅新村(西区),拱墅湖墅草营巷35号,湖墅新村 新上两房 南北通透 中间楼层 不占学籍,255,万45781元/O,2室1厅1卫,55.7O,高层(共7层),
page1:,尚农里小区,上城湖滨浣纱路14号,尚农里 西湖边，景区旁，精装修可以拎包入住，中间楼层视野好,245,万51666元/O,2室1厅1卫,47.4O,高层(共6层),
page1:,采荷小区翠柳,江干凯旋/采荷双菱路60号,采荷1小 采荷翠柳 2房朝南小套 公园旁 环境优美 诚心出售,255,万55243元/O,2室1厅1卫,46.2O,中层(共6层),['南北通透']
page1:,胭脂新村,下城天水天水巷24号,胭脂新村 中间楼层 武林广场旁 小两房 总价低,250,万49871元/O,2室1厅1卫,50.1O,中层(共7层),
page1:,十五家园,下城凤起健康路163号,十五家园新出 全明东边套 南北双阳台中间楼层 没有双税,257,万45519元/O,2室1厅1卫,56.5O,中层(共7层),
page1:,和平苑社区打铁关新村,"下城和平文晖路,近东新路",打铁关新村 新出中间楼层 南北通透 看房随时,256,万43911元/O,2室1厅1卫,58.3O,中层(共7层),
page1:,凯旋新村(西区),江干凯旋/采荷凯旋路107号,采荷2小，自住精装修，刚需小套，总价低，离2小仅一路之隔,259,万55437元/O,2室0厅1卫,46.7O,中层(共6层),"['近地铁', '素质住户', '交通便利']"
page1:,树园小区,下城建国路建国北路426号,送20万精装 南北通风 全明户型 得房率高 太阳早到晚,249,万43110元/O,2室1厅1卫,57.8O,高层(共6层),
page1:,奇景家苑(公寓住宅),萧山闻堰时代大道,奇景家苑 精装修 花园洋房 拎包入住 独立门户 带院子,250,万26050元/O,3室2厅2卫,96O,共4层,"['品质小区', '繁华地段', '安全性高']"
page1:,万科智谷,拱墅拱宸桥石祥路208号,房东急售 来电立减15万 外地人可买 精装修带车位 产证齐全,140,万25926元/O,3室2厅1卫,54O,共5层,"['品质小区', '繁华地段', '安全性高']"
page1:,崇化小区,"萧山城厢崇明路,近崇化路",实图实价   1楼带花园 小三房 户型方正 诚心出售！,192.8,万33624元/O,3室1厅1卫,57.3O,共5层,"['安全性高', '素质住户', '交通便利']"
page1:,采荷小区翠柳,江干凯旋/采荷双菱路60号,采荷1小 采荷翠柳 2房朝南小套 公园旁 环境优美 诚心出售,258,万55893元/O,2室1厅1卫,46.2O,低层(共6层),"['南北通透', '交通便利', '繁华地段']"
page1:,双菱小区,江干凯旋/采荷双菱路33-37号,采荷一小，无学籍，总价低精装2房，地铁口百米，无税，价格可谈,258,万55688元/O,2室1厅1卫,46.3O,低层(共6层),"['品质小区', '环境优美', '配套成熟', '近地铁']"
page1:,碧桂园越溪府(别墅),"萧山临浦东藩路,近临北路",碧桂园越溪府！双拼别墅送花园！近地铁！品质小区！外地人可买！,93,万16910元/O,3室2厅2卫,55O,共2层,"['近地铁', '配套成熟', '繁华地段']"
page1:,六眼井,"滨江西兴固陵路,近青年路",200万入手滨江住宅 江南实验初中 春晖小学 地铁口天街旁,198,万33283元/O,2室2厅1卫,59.5O,共5层,"['近地铁', '配套成熟', '交通便利']"
page1:,回澜南苑(东区),萧山城厢回澜路228号,洄澜南苑 小面积低总价的学府房，学籍不占 诚售,198,万33617元/O,2室1厅1卫,58.9O,低层(共7层),
page1:,翠苑五区,西湖翠苑文二路418号,古翠路地铁口南北通透  53平 2室1厅 翠苑五区 楼层好,180,万33765元/O,2室1厅1卫,53.3O,低层(共6层),"['品质小区', '繁华地段', '安全性高']"
page1:,得力名望府,"萧山新街104国道辅路,近03省道",急售 精装修大三房 产证齐全 外地人不限购 可贷款 首付18,188,万32121元/O,3室2厅2卫,58.5O,低层(共12层),"['繁华地段', '配套成熟', '素质住户']"
page1:,后市街小区,"上城吴山/清波门后市街,近惠民路",房东急卖 精装修 西湖边 看房我有钥匙 家电全送 低于市场价,259,万43254元/O,2室1厅1卫,59.9O,高层(共7层),"['品质小区', '繁华地段', '近地铁']"
page1:,奇景家苑(公寓住宅),萧山闻堰时代大道,奇景家苑 精装修 花园洋房 拎包入住 独立门户 带院子,250,万26050元/O,3室2厅2卫,96O,共4层,
page1:,郁家弄小区,"萧山城厢西河路,近体育路",附赠20平     买三房 外地人无需社保 精装修拎包入住,108,万22500元/O,3室2厅2卫,48O,共3层,"['配套成熟', '繁华地段', '交通便利']"
page1:,翠苑五区,西湖翠苑文二路418号,新上翠苑五区，新上两房朝南  全明东边套，采光好 ，出国,180,万33765元/O,2室1厅1卫,53.3O,低层(共6层),['南北通透']
page1:,海兴雅苑,"余杭仓前联创街,近聚橙路",（包税 一口价46万 地铁300米） 豪装 通燃气 配套成熟,186,万35095元/O,3室2厅2卫,53O,中层(共12层),"['繁华地段', '环境优美', '低密度']"
page2:,后市街小区,"上城吴山/清波门后市街,近惠民路",房东急卖 精装修 西湖边 看房我有钥匙 家电全送 低于市场价,259,万43254元/O,2室1厅1卫,59.9O,高层(共7层),"['品质小区', '繁华地段', '近地铁']"
page2:,和平苑社区打铁关新村,"下城和平文晖路,近东新路",打铁关新村 新出中间楼层 南北通透 看房随时,256,万43911元/O,2室1厅1卫,58.3O,中层(共7层),
page2:,凯旋新村(西区),江干凯旋/采荷凯旋路107号,采荷2小，自住精装修，刚需小套，总价低，离2小仅一路之隔,259,万55437元/O,2室0厅1卫,46.7O,中层(共6层),"['近地铁', '素质住户', '交通便利']"
page2:,树园小区,下城建国路建国北路426号,送20万精装 南北通风 全明户型 得房率高 太阳早到晚,249,万43110元/O,2室1厅1卫,57.8O,高层(共6层),
page2:,奇景家苑(公寓住宅),萧山闻堰时代大道,奇景家苑 精装修 花园洋房 拎包入住 独立门户 带院子,250,万26050元/O,3室2厅2卫,96O,共4层,
page2:,新苑小区,余杭塘栖人民路306号,总价抄底 满五 诚售 外地人可购 精装拎包住 来电立减5万,72,万12858元/O,3室2厅2卫,56O,共5层,"['近地铁', '交通便利', '配套成熟']"
page2:,邱山大街411号小区,余杭临平邱山大街411号,急售，外地人可买，70年产权住宅，可落户，可上学，南北通透。,86,万17166元/O,2室1厅1卫,50.1O,共5层,"['近地铁', '安全性高', '交通便利']"
page2:,运动新村,余杭塘栖西小河街,86万 57平 南北通透 简单装修 南北通透 视野无遮挡,86,万15046元/O,2室1厅1卫,57.2O,共5层,"['品质小区', '交通便利', '配套成熟']"
page2:,临平山庄(别墅),余杭临平沿山路97号,业主急售 首付10万 产权清晰 无抵押 来电精装家电 包税,92.8,万22096元/O,2室2厅1卫,42O,共3层,"['品质小区', '配套成熟', '南北通透']"
page2:,海澜半岛(西区别墅),"余杭临平南大街,近临东路",800米地铁口70年产权独栋别墅！产证齐全！首付29万精装修,101,万18364元/O,2室2厅1卫,55O,共3层,"['配套成熟', '近地铁', '繁华地段']"
page2:,盛奥西溪铭座,"余杭未来科技城文昌路,近荆长大道",白菜价首付5万 南北通透 地铁口配套成熟 户型方正,79,万15472元/O,3室2厅2卫,51.1O,共5层,"['近地铁', '配套成熟', '交通便利']"
page2:,三角村公寓,余杭老余杭恒大路,乔司南站地铁口丨对口幼稚园丨可住进杭城丨实现落户杭州的梦想丨,71,万14200元/O,3室2厅2卫,50O,共5层,"['近地铁', '品质小区', '环境优美']"
page2:,江南明城,萧山钱江世纪城利华路66号,首付8W 70年产权 2号线地铁口 外地人可购买 精装修！！,102,万18696元/O,3室2厅1卫,54.6O,共5层,
page2:,定北家园(二区),西湖转塘美音巷,南北通透 95万 满五  住房 定北家园(二区) 精装修,95.2,万18308元/O,2室1厅1卫,52O,共5层,"['品质小区', '繁华地段', '配套成熟']"
page2:,向阳小区,余杭崇贤塘康路,房东急售 外地人可买可落户 精装修两房 近地铁 产证齐全,94,万16216元/O,2室2厅1卫,58O,共4层,"['品质小区', '近地铁', '配套成熟']"
page2:,新工新村,上城南星秋涛路155-157号,新工新村 新上房源 户型方正 南北朝南 师资力量强,300,万59881元/O,2室1厅1卫,50.1O,共5层,
page2:,孝丰路小区,下城武林孝丰路,孝丰路 ，新出好房，诚心出售，看房方便，离西湖近,350,万59727元/O,2室1厅1卫,58.6O,共4层,
page2:,钱江新村二区,萧山钱江世纪城钱农西路76号,钱江新村二区 近亚运村 总价低,175,万29859元/O,2室1厅1卫,58.6O,共5层,
page2:,三衙前街小区,"上城吴山/清波门三衙前街,近河坊街",三衙前 西湖边小两房，楼层适合养老，全明户型,330,万63499元/O,2室2厅1卫,52O,共5层,
page2:,天目山路118号小区,西湖文三路天目山路118号,保小新出，3楼，独立小区，拧包入住，屋主已经搬空诚心出售,450,万76505元/O,2室1厅1卫,58.8O,共5层,['南北通透']
page2:,溪畔花园,西湖文教文一路104号,溪畔花园 东边套 沿河景观房 全明户型 不沿马路 停车方便,450,万80143元/O,2室1厅1卫,56.2O,共5层,
page2:,西溪九号,"西湖西溪文二西路,近凌波路",西溪九号 精装修，位置好，loft户型，价格可谈,145,万29000元/O,2室2厅1卫,50O,共5层,
page2:,栖霞岭小区,西湖黄龙栖霞岭1-67号,栖霞岭 可做门面房 可置换两套三墩,385,万82442元/O,2室1厅1卫,46.7O,共1层,
page2:,莫干山路79号小区,西湖文三路莫干山路79号,闹中取静的小区，保小，带独立花园15方，自住精装修。,489,万92387元/O,2室1厅1卫,52.9O,共4层,
page2:,双菱小区,江干凯旋/采荷双菱路33-37号,采荷1小2幼，南北2房，自住清爽装修，离学校地铁都很近，急卖,260,万56120元/O,2室1厅1卫,46.3O,共5层,"['近地铁', '素质住户', '交通便利']"
page2:,胜利新村,西湖松木场天目山路35-43号,带院子多房朝南南北通透 精致户型 欢迎随时来看,400,万79271元/O,2室1厅1卫,50.5O,共5层,['南北通透']
page2:,铁路新村,西湖黄龙西溪路61号,铁路新村保小两居室南北通透厨卫全明不靠马路,470,万87950元/O,2室1厅1卫,53.4O,共4层,['南北通透']
page2:,钱江新村一区(二期),"萧山钱江世纪城钱农东路,近旅学路",钱江新村 南北通 好房出售,167,万28494元/O,2室1厅1卫,58.6O,共4层,
page2:,邮电新村,西湖文三路莫干山路245号,邮电新村新上，两房朝南，中间楼层，房龄新，不占学籍，诚售,520,万93391元/O,2室1厅1卫,55.7O,共4层,
page2:,商教苑社区,江干四季青杭海路31号-37号,采2商教苑 两房朝 南户型好 南北通透 采光刺眼 自住装修,240,万55827元/O,2室1厅1卫,43O,高层(共7层),"['南北通透', '拎包入住', '小户型']"
page2:,新兴隆小区,余杭老余杭宝林路40号,首付6万，名校环绕，配套成熟，近地铁，无税费，精装修，好过户,86,万18298元/O,3室2厅2卫,47O,低层(共6层),"['品质小区', '配套成熟', '近地铁']"
page2:,凤溪花苑,余杭瓶窑东兴路249号,诚售，无需社保，近地铁，满五无税，赠送20平，精装修，带车位,60,万14856元/O,2室2厅1卫,40.4O,共4层,"['繁华地段', '南北通透', '拎包入住']"
page2:,北大街119号小区,余杭临平北大街119号,来电立减8w       万 无需社保 可上学 价格可议,89,万15345元/O,2室2厅1卫,58O,共5层,"['品质小区', '配套成熟', '近地铁']"
page2:,锦绣名邸,余杭塘栖文苑路80号,房东创业失败 赠25平急售锦名邸 70年精装修产证齐全,76,万13565元/O,3室2厅2卫,56O,低层(共6层),"['品质小区', '近地铁', '带飘窗']"
page2:,西溪曼哈顿,"余杭五常高教路,近绿汀路",西溪曼哈顿 南北通透 电梯房 49平 105万 采光好,105,万21136元/O,3室2厅2卫,49.7O,低层(共6层),"['品质小区', '配套成熟', '近地铁']"
page2:,永顺嘉园,余杭乔司乔莫东路142号,包税 首付15万 地铁口300米） 豪装 通燃气 配套成熟,67.5,万16072元/O,3室1厅1卫,42O,低层(共9层),
page2:,金沙国际,钱塘新区金沙湖幸福南路1288号,3室2厅 金沙国际 南北通透 68万 48平 满五  住房,68,万13992元/O,3室2厅2卫,48.6O,共4层,"['近地铁', '繁华地段', '环境优美']"
page2:,美致生活广场,"余杭临平北龙船坞路,近星河路",精装修 70年产权 首付8万 外地人可买 可落户上学 可议价,80,万14915元/O,3室1厅1卫,53.6O,低层(共6层),"['品质小区', '交通便利', '繁华地段']"
page2:,人和家园,西湖留下天目山路1号,异地故乡久，何不安家寄亲，故亲在旁，居家自住 保养好,88,万19439元/O,2室2厅1卫,45.3O,共5层,"['品质小区', '配套成熟', '近地铁']"
page2:,西溪堂,"余杭未来科技城绿汀路,近龙潭路",（捡漏）房东急售 首付15万起外地人可买 可落户读书可公积金,84,万17873元/O,2室2厅1卫,47O,共2层,"['近地铁', '繁华地段', '品质小区']"
page2:,钱江社区,余杭临平丘山大街,小户型 好租好售 可托管包租4500 业主急出手,62,万12400元/O,2室1厅1卫,50O,共4层,"['品质小区', '交通便利', '配套成熟']"
page2:,群升万国城,余杭临平北龙船坞路119号,45平 电梯房 南北通透 58万 楼层好 视野无遮挡,58,万12889元/O,2室2厅1卫,45O,共5层,"['品质小区', '交通便利', '配套成熟']"
page2:,塘栖一小区,"余杭塘栖塘栖路,近里仁路",300米塘栖古镇第三中学对面！70年产权住宅首付2万包税急售,76,万15200元/O,2室2厅1卫,50O,共5层,"['配套成熟', '近地铁', '繁华地段']"
page2:,"广济西路33,53,55号小区","余杭塘栖广济西路33,53,55号",捡漏 赠19平 地铁口精装修 离婚急售车位低于市场价急售,62,万12917元/O,2室2厅1卫,48O,共5层,"['配套成熟', '繁华地段', '南北通透']"
page2:,钱江社区,余杭临平丘山大街,首付10万，临平山脚住宅房，精装送露台，包税南北通透，近地铁,62,万12400元/O,2室1厅2卫,50O,共4层,"['品质小区', '配套成熟', '近地铁']"
page2:,钱江社区,余杭临平丘山大街,首付8万，70年产权住宅房，带车位，满五  ，精装修拎包入住,62,万12400元/O,2室1厅1卫,50O,共4层,"['品质小区', '配套成熟', '近地铁']"
page2:,石桥路小区,下城石桥石桥路,地铁环绕丨无需社保丨产证齐全丨可过户丨全新精装丨可拎包入住,84,万21000元/O,3室2厅1卫,40O,低层(共7层),"['素质住户', '安全性高', '繁华地段']"
page2:,杭州碧桂园(别墅),钱塘新区大学城北水云街158号,下沙高尔夫！大学城！精装包税W区墅！集吃喝玩乐休闲度假为一体,109,万26463元/O,2室2厅1卫,41.2O,共5层,"['近地铁', '繁华地段', '品质小区']"
page2:,东灵北路100号小区,萧山瓜沥东灵北路100号,急售 价格可再谈 拎包入住 70年产权精装住宅房 附赠20平,53,万11778元/O,2室2厅1卫,45O,共2层,"['配套成熟', '近地铁', '南北通透']"
page2:,金盛曼城,滨江浦沿东冠路655号,金盛曼城 南北通小面积，自住精装保养好 业主诚售,255,万43265元/O,2室1厅1卫,58.9O,低层(共18层),
page2:,定北家园(二区),西湖转塘美音巷,赠15平丨捡漏的来丨生意失败丨低于市场价丨只售三天丨可上学,85,万18086元/O,3室2厅2卫,47O,低层(共10层),"['品质小区', '近地铁', '交通便利']"
page2:,建设弄小区,西湖留下建设弄,全新装修 房主开工厂 货款没下来 买房发工资 七十年产权住宅,66,万16500元/O,3室2厅2卫,40O,低层(共7层),"['品质小区', '繁华地段', '安全性高']"
page2:,奇景家苑(公寓住宅),萧山闻堰时代大道,奇景家苑 精装修 花园洋房 拎包入住 独立门户 带院子,250,万26050元/O,3室2厅2卫,96O,共4层,"['品质小区', '繁华地段', '安全性高']"
page2:,万科智谷,拱墅拱宸桥石祥路208号,房东急售 来电立减15万 外地人可买 精装修带车位 产证齐全,140,万25926元/O,3室2厅1卫,54O,共5层,"['品质小区', '繁华地段', '安全性高']"
page2:,盛奥西溪铭座,"余杭未来科技城文昌路,近荆长大道",刚需福音！科技城地铁口，首付18万，落户杭州，满五  无税！,79,万15472元/O,3室2厅2卫,51.1O,共5层,"['近地铁', '环境优美', '品质小区']"
page2:,杭二棉小区,"萧山北干工人路,近山阴路",精装大三房 满五   朝南 精装修 房东急置换 看房方便,171,万29958元/O,3室2厅1卫,57.1O,共5层,"['近地铁', '配套成熟', '南北通透']"
page2:,宋都相贤府(别墅),"钱塘新区义蓬向阳路,近横一线",捡漏  首付12万 无需社保 外地人可买 产权清晰 无抵押,78.8,万16417元/O,2室2厅1卫,48O,共3层,"['品质小区', '配套成熟', '南北通透']"
page2:,溪畔花园,西湖文教文一路104号,溪畔花园 东边套 沿河景观房 全明户型 不沿马路 停车方便,450,万80143元/O,2室1厅1卫,56.2O,共5层,
page2:,瑞达城市花苑,余杭瓶窑华兴路,首付三成 低于市场价 70年精装住宅 交通便利 价格可谈,63,万12600元/O,2室1厅2卫,50O,共4层,"['品质小区', '交通便利', '配套成熟']"
page2:,西溪润景,"余杭未来科技城创意二路,近邱桥路",首付15万，未来科技城精装住宅房，无需社保，送车位，带露台！,78,万14880元/O,2室2厅1卫,52.4O,共4层,"['品质小区', '配套成熟', '近地铁']"
page3:,回澜南苑(东区),萧山城厢回澜路228号,稀 缺小户型，三证齐，能贷款，带车位，精装拎包住，非诚勿扰,135,万26471元/O,3室2厅2卫,51O,低层(共6层),"['品质小区', '繁华地段', '南北通透']"
page3:,水晶公寓,萧山萧山周边阳城路8号,精装修丨首付15万 赠送20方丨可上学丨无需社保丨疫情大捡漏,61,万10518元/O,3室1厅1卫,58O,低层(共6层),
page3:,高桥小区,萧山城厢高桥路,高桥小区 户型方正 带院子 看房方便 诚心出售,215,万38264元/O,3室1厅1卫,56.2O,低层(共6层),
page3:,高桥小区,萧山城厢高桥路,高桥小区 湘师高桥W区都可以读总价低房东诚心出售！,210,万37077元/O,3室1厅1卫,56.6O,低层(共6层),
page3:,泰地北上新城,下城石桥华中路229号,当你老了，头发白了，眼睛花了，还没有家了，哎呀，想想多恐怖。,61,万13902元/O,2室2厅1卫,43.9O,共4层,"['配套成熟', '繁华地段', '拎包入住']"
page3:,新兴隆小区,余杭老余杭宝林路40号,叶哥儿子堵搏欠债，含泪卖房，首付5万，无需社保，专车接送！！,86,万18696元/O,3室2厅2卫,46O,低层(共12层),"['近地铁', '繁华地段', '品质小区']"
page3:,白鹭郡南春漫里,"余杭良渚文化村大陆路,近白鹭路",房东置换 诚心出售 首付仅需12万 南北通透 来电价格可再议,81,万14418元/O,3室2厅1卫,56.2O,低层(共12层),"['品质小区', '繁华地段', '素质住户']"
page3:,沿山路小区,余杭临平沿山路29号,50平 电梯房 南北通透 精装修 80万 沿山路小区 诚心出,80,万16000元/O,3室2厅1卫,50O,低层(共10层),"['品质小区', '繁华地段', '近地铁']"
page3:,横桥沈合苑,"西湖转塘沈家路,近转塘横路",急售，外地人可买，随时看房，来电减8万。可落户可上学，近地铁,94,万16786元/O,2室2厅2卫,56O,共5层,"['繁华地段', '品质小区', '安全性高']"
page3:,保安桥河下小区,上城望江保安桥河下,建兰中学对面，人气小区，阳光楼层，三房朝南，正气两房198万,198,万38107元/O,3室0厅1卫,52O,高层(共7层),
page3:,南安小区,余杭老余杭宝林路,精装三室!送车位 七十年产权可落户 南北通透 全明户型 包税,72,万18000元/O,3室1厅1卫,40O,低层(共7层),"['品质小区', '繁华地段', '安全性高']"
page3:,华彩名府,"钱塘新区新湾新湾路,近闸口路","房东傅先生出国移民 急需转手,精装修送家电,70年产权 ！！",50,万10000元/O,2室2厅1卫,50O,共5层,"['品质小区', '交通便利', '配套成熟']"
page3:,阳城路62号楼,萧山瓜沥阳城路62号,首付可做6万，无需社保外地人可买，送产权车位，交房正常，包税,30,万7500元/O,2室2厅1卫,40O,共2层,"['近地铁', '南北通透', '中国风']"
page3:,高沙公寓,钱塘新区下沙物美文渊路133号,不限购不限贷！首付8万！外地人可买！正常落户上学！诚心急售！,72,万15000元/O,2室2厅1卫,48O,共5层,"['繁华地段', '配套成熟', '拎包入住']"
page3:,中沙金座,钱塘新区金沙湖天城东路,满五  住房 电梯房 2室2厅 南北通透 中沙金座 楼层好,55,万10000元/O,2室2厅1卫,55O,共5层,"['品质小区', '交通便利', '配套成熟']"
page3:,横桥沈合苑,"西湖转塘沈家路,近转塘横路",来电立减五万！外地人可买！无需社保！公积金可贷款！,74,万16190元/O,2室2厅1卫,45.7O,共5层,"['品质小区', '配套成熟', '近地铁']"
page3:,横桥沈合苑,"西湖转塘沈家路,近转塘横路","你是我一生只会遇见一次的惊喜 , 婚房必选",73,万16223元/O,2室2厅1卫,45O,共5层,"['品质小区', '交通便利', '配套成熟']"
page3:,地铁万科杭行道,拱墅万达广场杭行路666号,电梯房 45平 70万 满五  住房 地铁万科杭行道 精装修,70,万15556元/O,2室2厅1卫,45O,共5层,"['品质小区', '交通便利', '配套成熟']"
page3:,广和美地兰庭,"余杭仁和东西大道,近三星路",仁和美地兰庭  3房2厅1卫,185,万20759元/O,3室2厅1卫,89.1O,共5层,
page3:,高速住宅,余杭临平迎宾路273-36号,临平地铁口，东边套，全明户型，南北通透，中间楼层，诚心出售,86,万17200元/O,3室2厅1卫,50O,低层(共8层),"['近地铁', '繁华地段', '交通便利']"
page3:,乔中永和苑(北区),"余杭乔司乔安路,近乔中路",70年产权  房东包税  精装修  附赠30平  可落户上学,92,万15594元/O,3室2厅2卫,59O,低层(共11层),"['近地铁', '拎包入住', '送车位']"
page3:,金盛花苑,余杭临平世纪大道33号,精装三房 近地铁口 外地人可买 包税诚心出售 来电立减8万！,85,万17000元/O,3室2厅2卫,50O,低层(共6层),"['近地铁', '品质小区', '配套成熟']"
page3:,邻里中心,"江干城东新城11号大街,近12号大街",地铁一号线延伸段 70年产权住宅房 首付10万精装修 近地铁,69,万11897元/O,3室2厅2卫,58O,低层(共11层),"['繁华地段', '交通便利', '品质小区']"
page3:,旭锋小区,余杭闲林闲兴路18号,（首付10万 精装修送车位） 70年产权住宅 地铁口 可落户,44,万8800元/O,3室2厅1卫,50O,低层(共6层),"['品质小区', '配套成熟', '近地铁']"
page3:,福鼎家园,"余杭未来科技城文昌路,近常二路",房东儿子在上海发展的还不错，想把父母也接过去！低于市场价出售,105,万19876元/O,3室2厅1卫,52.8O,低层(共6层),"['繁华地段', '配套成熟', '近地铁']"
page3:,旭锋小区,余杭闲林闲兴路18号,旭锋小区 3室2厅 60万 满五  住房  南北通透 精装修,60,万10715元/O,3室2厅1卫,56O,低层(共6层),
page3:,香雪园,余杭塘栖市新街东侧,近地铁口！首付8万！精装70年产权住宅！无需社保！送车位包税,60,万13007元/O,3室2厅1卫,46.1O,低层(共6层),"['交通便利', '繁华地段', '配套成熟']"
page3:,微时代城,余杭临平兴起路518号,南北通透 电梯房 微时代城 57平 精装修 满五  住房 采,60,万10527元/O,3室2厅1卫,57O,低层(共6层),"['近地铁', '配套成熟', '繁华地段']"
page3:,向阳小区,余杭崇贤塘康路,急售，70年产权住宅房，外地人可买，可落户，可上学，交通便利,78,万15600元/O,3室2厅1卫,50O,低层(共6层),"['品质小区', '配套成熟', '近地铁']"
page3:,观音塘小区,江干四季青下车路10号,全明户型 西边套 房东诚心卖,195,万41358元/O,1室1厅1卫,47.2O,低层(共6层),
page3:,美麓美座,拱墅半山半山路,近大学城丨W区旁房源！多处地铁口丨交通便利！包租3000起丨,81,万14728元/O,3室2厅2卫,55O,低层(共12层),"['品质小区', '环境优美', '近地铁']"
page3:,古荡新村(西区),西湖古荡文三西路13号,速销好房来袭！精装两房，不占学籍，交通便利，产权清晰，诚心卖,194,万38886元/O,2室1厅1卫,49.9O,中层(共6层),"['品质小区', '配套成熟', '交通便利']"
page3:,大关西五苑,拱墅大关大关路254-264号,大关西五苑 大关路站 房东诚心出售三号线 南北通透全明户型急,185,万32411元/O,2室1厅1卫,57.1O,中层(共6层),"['品质小区', '配套成熟', '环境优美']"
page3:,杭二棉小区,"萧山北干工人路,近山阴路",新出地铁旁，双金山学府，闹中取静，小河环绕，楼层好，诚售,190,万33334元/O,2室1厅1卫,57O,中层(共6层),
page3:,德胜新村(北区),拱墅大关德苑路99号,德胜新村 两房朝南 采光好 位置安静 总价低 刚需两房,180,万37855元/O,2室1厅1卫,47.6O,高层(共6层),
page3:,京都苑,下城朝晖建国北路,1999年房龄 宝善桥地口 精装修全送 精致两室，采光好,192,万41088元/O,2室1厅1卫,46.7O,高层(共7层),"['繁华地段', '配套成熟', '安全性高']"
page3:,东园小区,下城宝善大树路24号,双地口 厨卫全明 南北通透 黄.金三楼 采光无遮挡诚心可谈,187,万37558元/O,2室1厅1卫,49.8O,中层(共7层),"['繁华地段', '近地铁', '交通便利']"
page3:,景芳三区,江干景芳景芳路164号,降价67万！！还能谈啊！钱江新城二手景芳三区 低市场单价1万,195,万39434元/O,2室0厅1卫,49.5O,高层(共7层),"['近地铁', '配套成熟', '繁华地段']"
page3:,古荡新村(西区),西湖古荡文三西路13号,古荡西 一梯两户两房南 南北通楼层好 30万精装带地暖 可谈,192,万34366元/O,2室1厅1卫,55.9O,中层(共6层),['南北通透']
page3:,水星阁西区,下城天水环城北路173号,水星阁 得房率高 两房朝南 地段好 楼层好 采光不遮挡,183,万44012元/O,2室1厅1卫,41.6O,中层(共7层),
page3:,六眼井,"滨江西兴固陵路,近青年路",必看好房满五年，春晖学区，1号线西兴站200米，刚需两房,198,万33283元/O,2室1厅1卫,59.5O,中层(共6层),
page3:,蚕花园永庆坊,"拱墅拱宸桥永庆路,近上塘路",永庆坊 新上房源 采光无遮挡 白银楼层 诚心出售 价格可谈！,190,万34100元/O,2室1厅1卫,55.7O,高层(共7层),
page3:,杭二棉小区,"萧山北干工人路,近山阴路",双金山，学籍不占，业主诚心出售，看房方便,190,万33875元/O,2室1厅1卫,56.1O,中层(共6层),
page3:,苏家谭小区,萧山城厢市心南路318号,中间楼层，两房朝南，,188,万32983元/O,2室1厅1卫,57O,中层(共6层),
page3:,润达花园,西湖西湖三墩古墩路1236号,润达花苑 西湖区刚需两房 读文一街秀水 龙湖天街旁,182,万37878元/O,2室1厅1卫,48.1O,高层(共6层),
page3:,育才西苑,"萧山城厢育才北路,近北干山南路",育才西苑 房东诚心出售 中间楼层 户型方正,180,万30644元/O,2室1厅1卫,58.7O,中层(共6层),
page3:,西河路342号小区,萧山城厢西河路342号,外地人无需社保 地铁口70年产权房 精装修 送全套家具家电,111,万22200元/O,3室2厅2卫,50O,低层(共12层),"['品质小区', '繁华地段', '交通便利']"
page3:,骆家庄西苑三区,西湖古墩路紫荆文路1号,赠送20平 外地人可买 精装家具电赠送  可落户上学 可议价,107,万22888元/O,3室2厅1卫,46.8O,低层(共6层),"['品质小区', '交通便利', '近地铁']"
page3:,翠苑一区,西湖翠苑学院路159号,翠苑一区 中间楼层 总价低 得房率高,199,万47258元/O,2室1厅1卫,42.1O,高层(共7层),
page3:,泰地北上新城,下城石桥华中路229号,"外地人可买 ， 无需社保，可议价 ,无税精装修，送产权车位！",98.5,万17302元/O,3室2厅2卫,56.9O,低层(共6层),"['品质小区', '配套成熟', '近地铁']"
page3:,高桥小区,萧山城厢高桥路,高桥小区 户型方正 带院子 看房方便 诚心出售,215,万38264元/O,3室1厅1卫,56.2O,低层(共6层),
page3:,福鼎家园,"余杭未来科技城文昌路,近常二路",满五  住房 3室2厅 精装修 52平 诚心出售 价格可议,105,万19876元/O,3室2厅1卫,52.8O,低层(共10层),"['交通便利', '近地铁', '配套成熟']"
page3:,阳城路62号楼,萧山瓜沥阳城路62号,一线江景房 地铁口 满五 来电立减 70年产权住宅 产权清晰,30,万7500元/O,2室2厅1卫,40O,共2层,"['近地铁', '南北通透', '送家电']"
page3:,横桥沈合苑,"西湖转塘沈家路,近转塘横路",地铁口300米 精装修送车位 来电立减15万 可落户上学,74,万16190元/O,2室2厅1卫,45.7O,共5层,"['品质小区', '配套成熟', '近地铁']"
page3:,香雪园,余杭塘栖市新街东侧,首付低！精装修拎包入住！送车位！可落户上学 交通便利配套成熟,60,万13007元/O,3室1厅1卫,46.1O,低层(共6层),"['品质小区', '交通便利', '配套成熟']"
page3:,古荡新村(西区),西湖古荡文三西路13号,双地铁 机场快速线 2室1厅  30万精装修 居家自住 急售,194,万38886元/O,2室1厅1卫,49.9O,中层(共6层),"['繁华地段', '安全性高', '品质小区']"
page3:,六眼井,"滨江西兴固陵路,近青年路",200万入手滨江住宅 江南实验初中 春晖小学 地铁口天街旁,198,万33283元/O,2室1厅1卫,59.5O,中层(共6层),"['近地铁', '交通便利', '配套成熟']"
page3:,阳城路62号楼,萧山瓜沥阳城路62号,急丨首付十五万丨包税丨精装修丨送车位丨外地可买丨可落户可上学,30,万7500元/O,2室2厅1卫,40O,共2层,"['近地铁', '南北通透', '送车位']"
page3:,阳城路62号楼,萧山瓜沥阳城路62号,送车位，首付5万，精装带露台，无需社保，70年产权住宅，包税,30,万7500元/O,2室2厅1卫,40O,共2层,"['近地铁', '南北通透', '拎包入住']"
page3:,阳城路62号楼,萧山瓜沥阳城路62号,送车位，首付5万，精装带露台，无需社保，70年产权住宅，包税,30,万7500元/O,2室2厅1卫,40O,共2层,"['近地铁', '南北通透', '送车位']"
page4:,育才西苑,"萧山城厢育才北路,近北干山南路",育才西苑 房东诚心出售 中间楼层 户型方正,180,万30644元/O,2室1厅1卫,58.7O,中层(共6层),
page4:,西河路342号小区,萧山城厢西河路342号,外地人无需社保 地铁口70年产权房 精装修 送全套家具家电,111,万22200元/O,3室2厅2卫,50O,低层(共12层),"['品质小区', '繁华地段', '交通便利']"
page4:,义蓬路55号小区,萧山瓜沥义蓬路55号,精装修送车位，首付12万，可以拥有一套属于自己的房子赠30平,40,万7273元/O,3室2厅2卫,55O,低层(共16层),"['品质小区', '繁华地段', '环境优美']"
page4:,翠苑一区,西湖翠苑学院路159号,翠苑一区 中间楼层 总价低 得房率高,199,万47258元/O,2室1厅1卫,42.1O,高层(共7层),
page4:,金桥城市花园(三期),富阳富春西环北路,精装修 电梯房 房东割爱狠心出手 外地人可买落户上学 居家好,70.6,万12608元/O,3室2厅2卫,56O,低层(共15层),"['繁华地段', '安全性高', '近地铁']"
page4:,泰地北上新城,下城石桥华中路229号,品质好房，首付8万，近地铁，70年产权，外地人可买，包税,98.5,万17302元/O,3室2厅2卫,56.9O,低层(共6层),"['品质小区', '配套成熟', '近地铁']"
page4:,杭州港龙城,"江干火车东站 明月桥路,近鸿泰路",急！包税急售！首付10万！外地可买！精装送车位！地铁   ！,99,万19800元/O,3室2厅2卫,50O,低层(共6层),"['近地铁', '品质小区', '配套成熟']"
page4:,三角村公寓,余杭老余杭恒大路,精装修 电梯房 满五  住房 3室2厅 采光好 周边商圈成熟,80,万16000元/O,3室2厅2卫,50O,低层(共13层),"['品质小区', '繁华地段', '素质住户']"
page4:,明怡东方轩,萧山钱江世纪城明星路,明怡东方轩丨外地人可买丨首付13万可过户丨满五无大税丨三证齐,67,万14889元/O,3室2厅2卫,45O,低层(共11层),"['品质小区', '繁华地段', '安全性高']"
page4:,西子阳光星城,钱塘新区下沙物美4号大街15号,抢！一号线地铁新上房源，首付只要10万，背靠学区，来电送车位,49,万9909元/O,3室2厅2卫,49.5O,低层(共11层),"['近地铁', '配套成熟', '繁华地段']"
page4:,江海时代花园,萧山瓜沥经四路3270号,外地人买房落户必看！首付3万，赠送精装修，南北通透，拎包入住,43,万8175元/O,3室2厅2卫,52.6O,低层(共9层),"['近地铁', '配套成熟', '素质住户']"
page4:,钱民花苑,钱塘新区大江东纬九路,70年产权住宅房！可过户上学！外地人可买！送车位！赠送20平,74,万14800元/O,3室2厅2卫,50O,低层(共7层),"['近地铁', '送车位', '拎包入住']"
page4:,中沙金座,钱塘新区金沙湖天城东路,抢！新上特价！300米双地铁口配套，首付只要8万，拎包入住,50,万10000元/O,3室2厅2卫,50O,低层(共11层),"['近地铁', '配套成熟', '繁华地段']"
page4:,南沙新苑,钱塘新区新湾建华路,地铁口3室2厅 南北通透 80万 南沙新苑 采光好,52,万9123元/O,3室2厅2卫,57O,低层(共10层),"['品质小区', '繁华地段', '安全性高']"
page4:,高桥小区,萧山城厢高桥路,满五 高桥可读 三房 看房方便,215,万37786元/O,3室1厅1卫,56.9O,低层(共6层),
page4:,云溪印象,"西湖转塘镇中路,近象山路",75万 云溪印象 满五  住房 3室1厅 诚心出售 价格可议,75,万16667元/O,3室1厅1卫,45O,低层(共12层),"['品质小区', '配套成熟', '近地铁']"
page4:,旭锋小区,余杭闲林闲兴路18号,白菜价出售 精装修 赠家具家电 随时拎包入住 赠26平！！！,46,万9584元/O,3室2厅1卫,48O,低层(共12层),"['近地铁', '品质小区', '繁华地段']"
page4:,超级星期天(商住楼),滨江钱江湾西浦路1718号,原本养老自住，装修得很好。但是家里原因，着急回去，想趁早脱手,90,万16072元/O,3室2厅2卫,56O,低层(共12层),
page4:,东岸嘉园二区,钱塘新区金沙湖海通街229号,诚售 东岸嘉园二区 南北通透 中间楼层 采光好 自住精装修,190,万32385元/O,2室1厅1卫,58.7O,低层(共15层),
page4:,百联新村,西湖转塘袁浦街69号,原本养老自住，装修得很好。但是家里原因，着急回去，想趁早出！,93,万16910元/O,3室2厅2卫,55O,低层(共16层),"['品质小区', '环境优美', '近地铁']"
page4:,黎南名苑,"萧山城厢金城路,近黎端路",萧山城厢地铁口丨诚信带证急售丨外地人可买丨首付10万随时过户,84,万14483元/O,3室2厅2卫,58O,低层(共15层),"['品质小区', '繁华地段', '安全性高']"
page4:,翠苑四区,西湖翠苑文一路437号,近地铁 靠医院 望学校 2室1厅 翠苑四区 190万 51平,190,万36915元/O,2室1厅1卫,51.5O,中层(共6层),"['品质小区', '繁华地段', '安全性高']"
page4:,翠苑一区,西湖翠苑学院路159号,近地铁翠苑一区 2室1厅 43平精装修 182万 楼层好,182,万41658元/O,2室1厅1卫,43.7O,中层(共6层),"['品质小区', '繁华地段', '安全性高']"
page4:,翠苑三区,西湖翠苑翠柏路11号,抓住机会！翠苑三区精装两房 不临街中间层 随时看房,183,万36361元/O,2室2厅1卫,50.3O,中层(共6层),['南北通透']
page4:,严衙弄,上城佑圣观路佑圣观路176号,房东急卖 精装修 浙一浙二旁边 双地铁口 城站 低于市场价,190,万35601元/O,2室2厅1卫,53.4O,高层(共6层),"['品质小区', '繁华地段', '近地铁']"
page4:,翠苑四区,西湖翠苑文一路437号,翠苑四区 精装修 朝南 满五  住房 居家自住 保养好,180,万33489元/O,2室1厅1卫,53.8O,中层(共7层),"['交通便利', '近地铁', '配套成熟']"
page4:,井头王村,"萧山临浦通惠中路,近萧绍路",首付12万！近学校近地铁 外地人可买 来电可议价 带车位,44,万11000元/O,3室2厅1卫,40O,低层(共17层),"['品质小区', '繁华地段', '配套成熟']"
page4:,华彩名府,"钱塘新区新湾新湾路,近闸口路",安选担保无需社保，首付3万，精装修，带车位，近地铁，无税,51,万10000元/O,3室2厅1卫,51O,低层(共12层),"['品质小区', '配套成熟', '近地铁']"
page4:,保利湾天地,钱塘新区下沙江湾24号大街,南北通透 62万 满五  住房 精装修 房东急置换 诚意买房,63,万10603元/O,3室2厅2卫,59.4O,低层(共12层),"['品质小区', '素质住户', '配套成熟']"
page4:,宁都花园,萧山新街新宁路180号,满五  住房 58万 宁都花园 3室2厅 精装修 采光好 周,58,万11600元/O,3室2厅1卫,50O,低层(共12层),
page4:,竹海水韵(公寓住宅),"余杭闲林闲富北路,近天目山西路",竹海水韵 （拒绝虚假） 西边套 带院子 南北通透 多房朝南,255,万30018元/O,3室2厅1卫,85O,低层(共18层),
page4:,丰梅路小区,余杭临平丰梅路1-20号,满五  住房 50平 精装修 南北通透 房东急置换 诚意买房,80,万16000元/O,1室2厅1卫,50O,共4层,"['品质小区', '繁华地段', '配套成熟']"
page4:,观音塘小区,江干四季青下车路10号,观音塘小区 近四季青 南北通透 采光好诚售,240,万43088元/O,2室1厅1卫,55.7O,高层(共7层),
page4:,骆家庄西苑三区,西湖古墩路紫荆文路1号,赠送20平 外地人可买 精装家具电赠送  可落户上学 可议价,107,万22888元/O,3室2厅1卫,46.8O,低层(共6层),"['品质小区', '交通便利', '近地铁']"
page4:,泰地北上新城,下城石桥华中路229号,"外地人可买 ， 无需社保，可议价 ,无税精装修，送产权车位！",98.5,万17302元/O,3室2厅2卫,56.9O,低层(共6层),"['品质小区', '配套成熟', '近地铁']"
page4:,环桥花苑,"余杭临平星河路,近振兴西路",业主诚心出售 赠送20平 首付只要20万 配套成熟 价格可议,88,万17118元/O,3室2厅2卫,51.4O,低层(共13层),"['近地铁', '素质住户', '配套成熟']"
page4:,保利湾天地,钱塘新区下沙江湾24号大街,地铁口 附赠18平衣帽间 精装修送车位 有对口学校 包税,77,万13031元/O,3室1厅1卫,59.1O,低层(共6层),"['品质小区', '交通便利', '环境优美']"
page4:,湘云雅苑,滨江区政府西兴路1190号,70年产权 房东急售 精装修拎包入住 首付只要15万,125,万25000元/O,3室2厅2卫,50O,低层(共9层),"['交通便利', '近地铁', '品质小区']"
page4:,江海时代花园,萧山瓜沥经四路3270号,外地人买房落户必看！首付3万，赠送精装修，南北通透，拎包入住,43,万8175元/O,3室2厅2卫,52.6O,低层(共9层),"['近地铁', '配套成熟', '素质住户']"
page4:,中沙金座,钱塘新区金沙湖天城东路,白菜价！地铁口500米，靠近龙湖金沙天街，首付5万即可拥有它,50,万10000元/O,3室2厅2卫,50O,低层(共8层),"['品质小区', '繁华地段', '近地铁']"
page4:,保利湾天地,钱塘新区下沙江湾24号大街,钱塘新区好房子，产证齐全保养好，房东出售低总价，,78,万13201元/O,3室2厅2卫,59.1O,低层(共8层),
page4:,仓乐雅苑,余杭仓前科技大道,首付二十万 外地人可买 产证清晰 交通便利 配套成熟 无税,91,万18200元/O,3室2厅1卫,50O,低层(共16层),"['品质小区', '交通便利', '配套成熟']"
page4:,翠苑一区,西湖翠苑学院路159号,难得的小户型两房，落户上学  ，产权清晰，价格可议，近地铁口,182,万41658元/O,2室1厅1卫,43.7O,中层(共6层),"['品质小区', '配套成熟', '交通便利']"
page4:,华彩名府,"钱塘新区新湾新湾路,近闸口路",良心老板老夏卖房发年终奖，首付5万送车位！    接送！！！,54,万10385元/O,3室2厅1卫,52O,低层(共12层),"['近地铁', '品质小区', '繁华地段']"
page4:,绿城青亭,拱墅康桥青城路,首付6万，精装修，近地铁，无税费，对口高校，买房即可落户上学,83,万16600元/O,3室1厅1卫,50O,低层(共17层),['南北通透']
page4:,意法轻纺城,余杭乔司杭海路1528号,意法轻纺城 精装修 电梯房 55平 70万 看房方便 有钥匙,90,万16153元/O,3室2厅2卫,55.7O,低层(共12层),"['繁华地段', '配套成熟', '近地铁']"
page4:,泰地北上新城,下城石桥华中路229号,劲爆优选房源！首付5万可签！外地无需社保可买！可落户！包税！,82,万14404元/O,3室2厅2卫,56.9O,低层(共12层),"['近地铁', '品质小区', '繁华地段']"
page4:,头坞新村,萧山湘湖湘湖路50号,房东家的傻儿子败家！房东急需钱周转！挥泪低价甩卖！无税费！！,56,万12445元/O,3室2厅1卫,45O,低层(共15层),"['近地铁', '配套成熟', '安全性高']"
page4:,明怡东方轩,萧山钱江世纪城明星路,急售 精装带车位 可包租4500 交通便利 配套成熟 无税,74.5,万14900元/O,3室2厅2卫,50O,低层(共13层),"['品质小区', '交通便利', '配套成熟']"
page4:,钱民花苑,钱塘新区大江东纬九路,急售！急抛！精致好房！房东平易近人！好说话！欢迎来电咨询房东,72,万14400元/O,3室2厅1卫,50O,低层(共12层),"['品质小区', '安全性高', '交通便利']"
page4:,泰地北上新城,下城石桥华中路229号,(捡漏) 无需社保，外地人可买，首付6万过户，即可安家杭州！,98.5,万17302元/O,3室2厅2卫,56.9O,低层(共6层),"['品质小区', '配套成熟', '近地铁']"
page4:,阳城路62号楼,萧山瓜沥阳城路62号,捡漏房 70年产权清晰 外地人可购买 可过户上学 精装修车位,33,万7174元/O,3室2厅1卫,46O,低层(共8层),"['品质小区', '配套成熟', '近地铁']"
page4:,井头王村,"萧山临浦通惠中路,近萧绍路",房东老婆出轨!急售！来电减十万！亏本处理！地铁口精装修送车位,42,万10500元/O,3室1厅1卫,40O,低层(共6层),"['品质小区', '近地铁', '南北通透']"
page4:,横桥沈合苑,"西湖转塘沈家路,近转塘横路",捡漏 安选好房 点我立减10万 70年独立产权住宅 无需社保,73,万16223元/O,3室2厅2卫,45O,低层(共11层),"['繁华地段', '配套成熟', '近地铁']"
page4:,CBC时代大观,余杭临平玩月街101号,急售 产证齐全 无需社保 外地人可买 首付8万 可落户,80,万14394元/O,3室1厅1卫,55.6O,低层(共16层),"['品质小区', '配套成熟', '安全性高']"
page4:,横桥沈合苑,"西湖转塘沈家路,近转塘横路",直降20万！精装住宅，南北通透，诚心出售，价格可议！专车接送,82,万16400元/O,3室2厅2卫,50O,低层(共12层),"['近地铁', '品质小区', '素质住户']"
page4:,南沙新苑,钱塘新区新湾建华路,业主急售 70年产权住宅房 首付10万 精装修 近地铁采光好,40,万9757元/O,3室2厅2卫,41O,低层(共12层),"['品质小区', '繁华地段', '近地铁']"
page4:,汀洲花苑(北区),"余杭临平北振兴西路,近荷禹路",3室1厅 精装修 电梯房 49平 楼层好 视野无遮挡,96,万19348元/O,3室1厅1卫,49.6O,低层(共13层),"['繁华地段', '配套成熟', '近地铁']"
page4:,泰地北上新城,下城石桥华中路229号,满5  ，首付6万，精装修，产证清晰，电梯房，近地铁，好过户,79.5,万13965元/O,3室2厅2卫,56.9O,低层(共6层),"['品质小区', '配套成熟', '近地铁']"
page4:,航坞路166-359号小区,萧山瓜沥航坞路166-359号,不容错过的白菜价！无需社保首付5万！专车接送，来电立减6w！,68,万13600元/O,3室2厅2卫,50O,低层(共12层),"['品质小区', '繁华地段', '近地铁']"
page5:,翠苑四区,西湖翠苑文一路437号,翠苑四区 精装修 朝南 满五  住房 居家自住 保养好,180,万33489元/O,2室1厅1卫,53.8O,中层(共7层),"['交通便利', '近地铁', '配套成熟']"
page5:,航坞路166-359号小区,萧山瓜沥航坞路166-359号,首付6万即可，近地铁，精装修，带车位，无税费，无需社保，诚售,66,万13200元/O,3室2厅2卫,50O,低层(共12层),"['品质小区', '配套成熟', '近地铁']"
page5:,保利湾天地,钱塘新区下沙江湾24号大街,南北通透 62万 满五  住房 精装修 房东急置换 诚意买房,63,万10603元/O,3室2厅2卫,59.4O,低层(共12层),"['品质小区', '素质住户', '配套成熟']"
page5:,头坞新村,萧山湘湖湘湖路50号,房东家的傻儿子败家！房东急需钱周转！挥泪低价甩卖！无税费！！,56,万12445元/O,3室2厅1卫,45O,低层(共15层),"['近地铁', '配套成熟', '安全性高']"
page5:,宁都花园,萧山新街新宁路180号,满五  住房 58万 宁都花园 3室2厅 精装修 采光好 周,58,万11600元/O,3室2厅1卫,50O,低层(共12层),
page5:,竹海水韵(公寓住宅),"余杭闲林闲富北路,近天目山西路",竹海水韵 （拒绝虚假） 西边套 带院子 南北通透 多房朝南,255,万30018元/O,3室2厅1卫,85O,低层(共18层),
page5:,明怡东方轩,萧山钱江世纪城明星路,急售 精装带车位 可包租4500 交通便利 配套成熟 无税,74.5,万14900元/O,3室2厅2卫,50O,低层(共13层),"['品质小区', '交通便利', '配套成熟']"
page5:,钱民花苑,钱塘新区大江东纬九路,急售！急抛！精致好房！房东平易近人！好说话！欢迎来电咨询房东,72,万14400元/O,3室2厅1卫,50O,低层(共12层),"['品质小区', '安全性高', '交通便利']"
page5:,太古广场,萧山北干金城路451号,精装修 电梯房 满五  住房 天汇园 采光好 周边商圈成熟,79,万15800元/O,3室2厅2卫,50O,低层(共13层),"['环境优美', '配套成熟', '近地铁']"
page5:,丰梅路小区,余杭临平丰梅路1-20号,满五  住房 50平 精装修 南北通透 房东急置换 诚意买房,80,万16000元/O,1室2厅1卫,50O,共4层,"['品质小区', '繁华地段', '配套成熟']"
page5:,观音塘小区,江干四季青下车路10号,观音塘小区 近四季青 南北通透 采光好诚售,240,万43088元/O,2室1厅1卫,55.7O,高层(共7层),
page5:,采荷新村,江干凯旋/采荷采荷路,采荷1小 采荷一区 小两房朝南 中间楼层 采光无遮挡,248,万57025元/O,2室0厅1卫,43.5O,高层(共7层),"['南北通透', '交通便利', '安全性高']"
page5:,采荷新村,江干凯旋/采荷采荷路,采荷1小本部 新出好房两房朝南采光无遮挡清爽装修。,240,万55479元/O,2室0厅1卫,43.3O,高层(共7层),['南北通透']
page5:,东园小区,下城宝善大树路24号,东园 两房朝南 客厅朝北 全明户型 南北通透 看中可谈,246,万41632元/O,2室1厅1卫,59.1O,高层(共7层),"['品质小区', '繁华地段', '安全性高']"
page5:,竹竿巷小区,下城孩儿巷竹竿巷33号,竹竿巷 长寿桥春蕾不占学籍 西湖边 采光好 中间层 西湖边,258,万55259元/O,2室1厅1卫,46.7O,高层(共7层),
page5:,高桥小区,萧山城厢高桥路,高桥小区 学府未占 低总价 性价比高 全明户型 南北通透,250,万45455元/O,2室1厅1卫,55O,高层(共6层),
page5:,地铁万科天空之城(公寓住宅),"余杭仓前余杭塘路,近荆大线",192万天空之城，4.8米精装loft，南北通透。对接5号线,225.55,万41010元/O,1室2厅1卫,55O,共4层,"['繁华地段', '配套成熟', '交通便利']"
page5:,绿城桃李春风(别墅),临安青山湖科技大道,（新挂）真实桃李中式庭院，单层大花园，含空调地暖，精装无税,256,万25703元/O,2室2厅2卫,99.6O,共1层,"['近地铁', '品质小区', '环境优美']"
page5:,绿城桃李春风(别墅),临安青山湖科技大道,中国风庭院，太湖石，景观松，全屋地暖，送车位，精装两大套房,243.5,万24696元/O,2室2厅2卫,98.6O,共1层,"['环境优美', '近地铁', '品质小区']"
page5:,绿城桃李春风(别墅),临安青山湖科技大道,单层桃李春风，精装大花园，一手房东没住过，含空调地暖，现急售,242,万25078元/O,2室2厅2卫,96.5O,共1层,"['品质小区', '环境优美', '近地铁']"
page5:,碧云阁,余杭临平复兴弄24号,急售  免     送车位  拎包入住  外地人可以购买,83,万18071元/O,2室1厅1卫,45.9O,共5层,"['繁华地段', '交通便利']"
page5:,阳光100嘉园,余杭塘栖广济路184号,南北通透 阳光100嘉园 精装修 电梯房 2室1厅 房东急置,88,万17818元/O,2室1厅1卫,49.4O,共5层,"['繁华地段', '配套成熟', '品质小区']"
page5:,广厦天都城天河苑,"余杭星桥场环路,近天都路",地铁口女生省两套化妆品的钱，总价低，首付低的小面积，外地可买,83,万19838元/O,2室2厅1卫,41.8O,共5层,"['配套成熟', '交通便利', '南北通透']"
page5:,盛奥西溪铭座,"余杭未来科技城文昌路,近荆长大道",电梯房 精装修 80万 南北通透 2室2厅 楼层好 视野无遮,80,万16062元/O,2室2厅2卫,49.8O,共5层,"['繁华地段', '配套成熟', '近地铁']"
page5:,丰梅路小区,余杭临平丰梅路1-20号,附赠10平 精装修拎包入住 来电立减10万 包租4000,96,万16552元/O,2室2厅1卫,58O,共4层,"['配套成熟', '繁华地段', '交通便利']"
page5:,九龙仓君廷(别墅),余杭临平北康信路,九龙仓君廷丨70年大产权丨独立产证丨高品质房源丨可落户上学丨,78,万15295元/O,2室2厅1卫,51O,共3层,"['品质小区', '环境优美', '素质住户']"
page5:,昆仑水印城,滨江长河滨盛路2242号,新上边套。。。装修超好！全明户型，闻涛九年制！超高得房率！,255,万57407元/O,3室2厅2卫,44.4O,高层(共15层),"['南北通透', '交通便利', '近地铁']"
page5:,紫云山庄(公寓住宅),富阳银湖杭富公路,地铁口0距离，温馨舒适装修清爽，面积小，总价低，首付3层,130,万29546元/O,1室1厅1卫,44O,共5层,"['品质小区', '环境优美', '近地铁']"
page5:,万向城市花园,萧山城厢江寺路75号,立减30万 送30平 外地人可买 产证清晰 包租三千 送车位,96,万19200元/O,2室1厅1卫,50O,共5层,"['品质小区', '繁华地段', '南北通透']"
page5:,翠园路小区,"余杭瓶窑翠园路,近新窑路",满五  住房 翠园路小区 南北通透 精装修 居家自住 保养好,69,万13800元/O,2室2厅1卫,50O,共5层,
page5:,未来广场,"余杭未来科技城海创路,近联创街",精装修 拎包入住 外地人可买 小户型公寓房 包租4500急售,94,万18360元/O,1室2厅1卫,51.2O,共4层,"['繁华地段', '配套成熟', '近地铁']"
page5:,石灰桥新村,西湖文教莫干山路,文一街本部 户型方正采光无限好交通便利繁华地段,480,万85930元/O,2室1厅1卫,55.9O,共5层,
page5:,义蓬路55号小区,萧山瓜沥义蓬路55号,朝南 电梯房 总价28万 满五  住房 诚心出售 价格可议,28,万6802元/O,2室1厅1卫,41.2O,共5层,"['低密度', '南北通透', '拎包入住']"
page5:,新工新村,上城南星秋涛路155-157号,新工新村 凤凰勇进 精装修 学籍未占用 未住人 看房有钥匙,275,万52262元/O,2室1厅1卫,52.6O,共5层,"['繁华地段', '配套成熟', '近地铁']"
page5:,孝丰路小区,下城武林孝丰路,下城孝丰路小区全景好房实景呈现诚心出售,325,万59253元/O,2室1厅1卫,54.9O,共5层,"['南北通透', '拎包入住']"
page5:,马塍路33号小区,西湖学军马塍路33号,马塍路33号 学军本部！精装两房！拎包入住！前后楼间距大！,630,万108734元/O,2室2厅1卫,57.9O,共5层,
page5:,栖霞岭小区,西湖黄龙栖霞岭1-67号,西湖边 岳庙后的精装两房 户型好 实用面积大,499,万93481元/O,2室1厅1卫,53.4O,共4层,
page5:,石灰桥新村,西湖文教莫干山路,满五年只有一套房，不占学籍，中间楼层，好房,475,万86364元/O,2室1厅1卫,55O,共5层,
page5:,胜利新村,西湖松木场天目山路35-43号,胜利新村 保小 小区中间位置 厨卫全明 南北通透,448,万75383元/O,2室1厅1卫,59.4O,共5层,
page5:,曙光新村(西湖),西湖黄龙曙光路20号,曙光新村 两室一厅，中间楼层，采光没遮挡,445,万83131元/O,2室1厅1卫,53.5O,共5层,
page5:,采荷新村,江干凯旋/采荷采荷路,采荷路62号 满五无税，房东诚心出售，新上房源,285,万50461元/O,2室1厅1卫,56.5O,共5层,
page5:,青芝坞小区,"西湖黄龙青芝坞路,近玉古路",青芝坞 新出两房 两房朝南 视野开阔 阳光充足,465,万79911元/O,2室1厅1卫,58.2O,共5层,
page5:,求智弄小区,西湖学军文二路,求智巷 学军文二新村旁两房，全明户型 得房率高 不占学籍,700,万130403元/O,2室1厅1卫,53.7O,共5层,
page5:,新星小区,西湖西湖三墩三墩街,新星小区 采光足 户型正 拎包入住 周边条件便利,177,万33435元/O,2室1厅1卫,52.9O,共5层,
page5:,凤山新村,"上城南星凤凰山脚路,近万松岭路",凤山新村 精装小两房 杭城天然氧吧 亲近大自然,215,万43104元/O,2室1厅1卫,49.9O,共4层,
page5:,仁寿山小区,"西湖西湖外东山弄,近曙光路",仁寿山 近西湖植物园 采光不错 环境好宜居,430,万90546元/O,2室1厅1卫,47.5O,共4层,
page5:,文二新村,西湖学军文二路55号,文二新村新出 明星小区，学军本部，精装修，诚心出售。,620,万134287元/O,2室1厅1卫,46.2O,共5层,
page5:,新星小区,西湖西湖三墩三墩街,西湖三墩 新星小区 新上 正气两房 全明户型 交通便利,175,万33500元/O,2室1厅1卫,52.2O,共5层,
page5:,华彩名府,"钱塘新区新湾新湾路,近闸口路",精装修 满五  住房 68万 南北通透 诚心出售 价格可议,68,万11725元/O,2室2厅1卫,58O,共5层,"['品质小区', '次新小区', '环境优美']"
page5:,杭钢北苑社区,拱墅半山半山路92号,来电立减3万地铁口200米，附赠地下车位和大阳台，满五  ！,117,万24979元/O,2室2厅1卫,46.8O,共5层,"['近地铁', '繁华地段', '环境优美']"
page5:,石灰桥新村,西湖文教莫干山路,新出文一街，不占学籍好房，保养的很清爽，适合自住,480,万86612元/O,2室1厅1卫,55.4O,共5层,
page5:,福利新村,上城佑圣观路中河中路122号,梅花碑 小区 望江门板块 位置优越 交通便利 看房方便,220,万46326元/O,2室1厅1卫,47.5O,共5层,
page5:,井头王村,"萧山临浦通惠中路,近萧绍路",首付12万！近学校近地铁 外地人可买 来电可议价 带车位,44,万11000元/O,3室2厅1卫,40O,低层(共17层),"['品质小区', '繁华地段', '配套成熟']"
page5:,华彩名府,"钱塘新区新湾新湾路,近闸口路",良心老板老夏卖房发年终奖，首付5万送车位！    接送！！！,54,万10385元/O,3室2厅1卫,52O,低层(共12层),"['近地铁', '品质小区', '繁华地段']"
page5:,栖里东苑,余杭塘栖人民路229号,拎包入住！房主换房诚心卖！产证齐全可过户可上学！精装修送车位,68,万13407元/O,2室1厅1卫,50.7O,共5层,"['品质小区', '繁华地段', '安全性高']"
page5:,俞汇巷小区,"下城东新东新路,近沈家路",2室2厅 45平 南北通透 俞汇巷小区 精装修 诚心出售 价,94,万20815元/O,2室2厅1卫,45.2O,共4层,"['近地铁', '配套成熟', '素质住户']"
page5:,新工新村,上城南星秋涛路155-157号,新工社区 杭州中雪直升 精装两居室 南北通透 看房有钥匙,280,万53212元/O,2室1厅1卫,52.6O,共5层,"['繁华地段', '近地铁']"
page5:,石灰桥新村,西湖文教莫干山路,满五年只有一套房，不占学籍，中间楼层，好房,475,万86364元/O,2室1厅1卫,55O,共5层,
page5:,华彩名府,"钱塘新区新湾新湾路,近闸口路",安选担保无需社保，首付3万，精装修，带车位，近地铁，无税,51,万10000元/O,3室2厅1卫,51O,低层(共12层),"['品质小区', '配套成熟', '近地铁']"
page5:,碧云阁,余杭临平复兴弄24号,急售 精装修 电梯房 南北通透 2室1厅 诚心出售 价格可议,108,万18082元/O,2室1厅1卫,59.7O,共5层,"['繁华地段', '环境优美', '配套成熟']"
page6:,福利新村,上城佑圣观路中河中路122号,梅花碑 小区 望江门板块 位置优越 交通便利 看房方便,220,万46326元/O,2室1厅1卫,47.5O,共5层,
page6:,滨兴西苑,"滨江长河共鸣巷,近兴才路",诚心出售 带阁楼  小户型，利用率很高,280,万56079元/O,2室1厅1卫,49.9O,共5层,
page6:,石灰桥新村,西湖文教莫干山路,文一街本部 户型方正采光无限好交通便利繁华地段,480,万85930元/O,2室1厅1卫,55.9O,共5层,
page6:,马坡巷小区,上城城站清泰街,马坡巷 新出西边套 有钥匙，随时看房 南北通透 精装修,209,万39727元/O,2室1厅1卫,52.6O,共5层,
page6:,求智弄小区,西湖学军文二路,求智巷 学军文二新村旁两房，全明户型 得房率高 不占学籍,700,万130403元/O,2室1厅1卫,53.7O,共5层,
page6:,溪畔花园,西湖文教文一路104号,溪畔花园 文一街本部 户型方正 停车方便,480,万88972元/O,2室1厅1卫,54O,共5层,
page6:,石灰桥新村,西湖文教莫干山路,新出文一街，不占学籍好房，保养的很清爽，适合自住,480,万86612元/O,2室1厅1卫,55.4O,共5层,
page6:,环西新村,下城武林环城西路60号,20万精装 东边套 2年内自住精装修，安吉路实验学X，,375,万75000元/O,2室1厅1卫,50O,共4层,
page6:,文二新村,西湖学军文二路55号,文二新村新出 明星小区，学军本部，精装修，诚心出售。,620,万134287元/O,2室1厅1卫,46.2O,共5层,
page6:,招商I-Park,江干艮北新城建华路,送软装丨拎包入住江干核心旁地铁口精装修现房公寓招商IPark,150,万32609元/O,2室0厅2卫,46O,共5层,"['品质小区', '繁华地段', '配套成熟', '推荐新房']"
page6:,白塔人家,"上城复兴复兴路,近水澄路",白塔人家 秒杀好房 周边环境好 靠近景区 4号线 总价低,220,万44526元/O,2室1厅1卫,49.4O,共5层,
page6:,复地壹中心,"拱墅汽车北站莫干山路,近花园岗街",置换！来电立减8万！精装送车位！首付10万！可落户上学！,107,万19108元/O,2室1厅1卫,56O,共5层,"['南北通透', '小户型']"
page6:,浙大新村,西湖黄龙玉古路141-142号,浙大新村 新出2房  中装修 房东诚售。,405,万75815元/O,2室1厅1卫,53.4O,共5层,
page6:,新工新村,上城南星秋涛路155-157号,杭州中学  急卖 精装修两房 主卧朝南  全明户型 采光好,290,万55113元/O,2室1厅1卫,52.6O,共5层,"['近地铁', '主卧朝南', '南北通透']"
page6:,文三新村,西湖文教文三路109号,好房诚售!名校环绕！文三本部房龄2012年 中间楼层精装两房,650,万108896元/O,2室2厅1卫,59.7O,共5层,
page6:,勤远里,"上城吴山/清波门察院前巷,近中山南路",勤远里 西边套 南北通透 得房率高,215,万40968元/O,2室1厅1卫,52.5O,共4层,
page6:,仁寿山小区,"西湖西湖外东山弄,近曙光路",西湖植物园边仁寿山 新上跃层带阁楼 采光好 户型正,400,万83023元/O,2室1厅1卫,48.2O,共4层,
page6:,石灰桥新村,西湖文教莫干山路,满五年只有一套房，不占学籍，中间楼层，好房,475,万86364元/O,2室1厅1卫,55O,共5层,
page6:,桃园新村,西湖西湖宝石二路,桃园新村新上两房，南北通透户型，三楼采光好，户型正气，,480,万81898元/O,2室2厅1卫,58.6O,共3层,['南北通透']
page6:,马塍路33号小区,西湖学军马塍路33号,马塍路33号 学军本部！精装两房！拎包入住！前后楼间距大！,630,万108734元/O,2室2厅1卫,57.9O,共5层,
page6:,金盛花苑,余杭临平世纪大道33号,免 税 外地可买 11平及35万精装 产权清晰 送产权车位,91,万17844元/O,3室2厅2卫,51O,中层(共7层),"['品质小区', '繁华地段', '南北通透']"
page6:,永顺嘉园,余杭乔司乔莫东路142号,永顺嘉园 南北通透 88万 52平 电梯房 房东急置换 诚意,88,万16924元/O,3室2厅2卫,52O,中层(共6层),
page6:,宋都时间名座,"余杭临平藕花洲大街,近宝幢路",外地人可买首付15万对口学校可落户可上学地铁口.全新家具家电,86,万17190元/O,3室2厅2卫,50O,中层(共7层),"['品质小区', '繁华地段', '两房朝南']"
page6:,东安景苑,"余杭临平龙湖路,近平吴街",首付二十万起，精装修，送车位，三室二厅二卫，近地铁，可租可住,80,万16615元/O,3室2厅2卫,48.2O,低层(共10层),"['素质住户', '安全性高', '配套成熟']"
page6:,井头王村,"萧山临浦通惠中路,近萧绍路",急售，70年产权，可落户，可读书，急降18万，外地人可买。,61,万10518元/O,4室2厅2卫,58O,共5层,['南北通透']
page6:,广厦天都城天河苑,"余杭星桥场环路,近天都路",余杭星桥板块 首付15万  赠送20平 外地人可买 送车位,108,万21600元/O,3室2厅2卫,50O,中层(共10层),"['品质小区', '南北通透', '送车位']"
page6:,野风启城,"余杭临平康信路,近兴盛路",首付10万 精装修 外地人可买 可落户上学 对口临平重cW^,100,万18444元/O,3室1厅1卫,54.2O,中层(共8层),"['品质小区', '配套成熟', '安全性高']"
page6:,新街社区,"余杭乔司乔莫东路,近乔井路",70年产权住宅房！可过户上学！外地人可买！送车位！赠送30平,105,万21000元/O,3室2厅1卫,50O,中层(共7层),"['近地铁', '送车位', '拎包入住']"
page6:,沿山路小区,余杭临平沿山路29号,临平 沿山路小区 地铁口 精装修送车位 电梯房 南北通透户型,70,万14000元/O,3室2厅1卫,50O,中层(共10层),"['近地铁', '配套成熟', '南北通透']"
page6:,盛奥西溪铭座,"余杭未来科技城文昌路,近荆长大道",刚需上车盘！首付十万精装带露台！独立产证可落户上学！独立房本,79,万15472元/O,3室2厅2卫,51.1O,中层(共6层),"['繁华地段', '配套成熟', '近地铁']"
page6:,微时代城,余杭临平兴起路518号,临平 微时代城 地铁口 精装修 送车位 电梯房 南北通透户型,60,万10527元/O,3室2厅1卫,57O,中层(共10层),"['近地铁', '配套成熟', '南北通透']"
page6:,仓乐雅苑,余杭仓前科技大道,精装修 首付10万 70年产权 送地下车位 外地人可买可落户,108.6,万19053元/O,3室1厅1卫,57O,中层(共6层),"['交通便利', '配套成熟', '品质小区']"
page6:,毓秀家园,余杭临平临平人民大道652号,毓秀家园 精装修送车位 南北通透户型 电梯房 双地铁口采光好,112,万21769元/O,3室2厅2卫,51.5O,低层(共9层),"['近地铁', '配套成熟', '南北通透']"
page6:,赞成首府(商住楼),余杭临平世纪大道,（核心 地体口800米 70年产权 首付20万）精装修送车位,60,万13084元/O,2室2厅1卫,45.9O,共5层,"['繁华地段', '配套成熟', '近地铁']"
page6:,乐天城,余杭五常五常大道153号,欢迎咨询砍价 无需社保 89万 精装修 3室2厅,89,万17800元/O,3室2厅2卫,50O,低层(共9层),"['环境优美', '配套成熟', '交通便利']"
page6:,西溪润景,"余杭未来科技城创意二路,近邱桥路",急售，精 选好房，外地人可买，首付8万起，产证齐全 可落户,67,万15332元/O,2室2厅1卫,43.7O,共4层,"['近地铁', '南北通透', '送车位']"
page6:,水韵四维苑南区,余杭崇贤康杨路,刚需福利！业主诚售产权清晰带车位外籍可买可落户上学附赠15平,68,万13060元/O,2室2厅1卫,52.1O,共5层,"['品质小区', '交通便利', '配套成熟']"
page6:,九润公寓,"江干九堡科技园九福路,近九环路",（速卖）龙湖天街落地九堡 九润公寓边套楼幢 超长阳台超大泳池,250,万29189元/O,3室2厅1卫,85.7O,低层(共11层),
page6:,冠山小区,"滨江长河长江南路,近白马湖路",冠山小区 业主诚心，采光无影响，诚售,250,万31250元/O,3室1厅1卫,80O,低层(共6层),
page6:,原筑壹号(商住楼),江干笕桥德胜东路7666号,精装修 89万 满五  住房 原筑壹号(  楼) 3室2厅,89,万17800元/O,3室2厅1卫,50O,中层(共7层),
page6:,天汇园,萧山北干金城路411号,萧山繁华地段 精装 住宅 业主公司破产 价格可以商量 送车位,94,万17736元/O,3室2厅1卫,53O,中层(共10层),"['繁华地段', '配套成熟', '近地铁']"
page6:,白马湖小区孔雀苑,"滨江长河江虹南路,近规划支路",白马湖小区 新上 诚心出售,242,万29665元/O,3室1厅3卫,81.6O,低层(共6层),
page6:,新中花苑,萧山钱江世纪城新城路2755号,满五  住房 新中花苑 3室2厅 80万 房东急置换 诚意买,80,万19048元/O,3室2厅2卫,42O,中层(共8层),"['繁华地段', '安全性高', '素质住户']"
page6:,石灰桥新村,西湖文教莫干山路,文一街本部 户型方正采光无限好交通便利繁华地段,480,万85930元/O,2室1厅1卫,55.9O,共5层,
page6:,滨兴西苑,"滨江长河共鸣巷,近兴才路",新出 地铁口 刚需好房 带阁楼     ！,208,万41659元/O,2室1厅1卫,49.9O,共5层,"['繁华地段', '配套成熟', '近地铁']"
page6:,石灰桥新村,西湖文教莫干山路,满五年只有一套房，不占学籍，中间楼层，好房,475,万86364元/O,2室1厅1卫,55O,共5层,"['环境优美', '交通便利', '配套成熟']"
page6:,文三新村,西湖文教文三路109号,好房诚售!名校环绕！文三本部房龄2012年 中间楼层精装两房,650,万108896元/O,2室2厅1卫,59.7O,共5层,
page6:,广厦天都城天河苑,"余杭星桥场环路,近天都路",95万 精装修 南北通透 满五  住房 居家自住 保养好,95,万21508元/O,3室2厅2卫,44.2O,高层(共6层),"['配套成熟', '近地铁', '低密度']"
page6:,华兴桃源公寓,余杭瓶窑桃园东路,产权清晰 （70年产权 首付18万 可落户上学） 看中价格可,71,万14200元/O,3室2厅1卫,50O,中层(共7层),"['送车位', '地暖', '送家电']"
page6:,南苑一区,"余杭临平迎宾路,近广和街",住宅！店长力荐！地铁口500商圈核心 家电家具全送,120,万21819元/O,3室2厅2卫,55O,中层(共7层),"['品质小区', '繁华地段', '安全性高']"
page6:,商贸苑小区(商住楼),余杭乔司桃安路103号,3室2厅 商贸苑小区(  楼) 南北通透 电梯房 精装修 满,75,万12612元/O,3室2厅1卫,59.5O,中层(共8层),"['品质小区', '繁华地段', '配套成熟']"
page6:,西溪润景,"余杭未来科技城创意二路,近邱桥路",70年产权住宅，产权清晰，可过户，可上学，交通便利，随时看房,67,万15332元/O,2室2厅1卫,43.7O,共4层,"['南北通透', '近地铁', '配套成熟']"
page6:,横桥沈合苑,"西湖转塘沈家路,近转塘横路",精装带露台，首付15万，赠车库车位，南北通透，无需社保，包税,89,万17800元/O,3室1厅1卫,50O,中层(共6层),"['赠露台', '带车库', '送车位']"
page6:,石灰桥新村,西湖文教莫干山路,满五年只有一套房，不占学籍，中间楼层，好房,475,万86364元/O,2室1厅1卫,55O,共5层,
page6:,新大地小区,余杭临平北大街,朝南 三室一厅 空间利用大 满五  住房 居家自住 保养好,96,万16843元/O,3室1厅1卫,57O,高层(共6层),"['近地铁', '环境优美', '南北通透']"
page6:,塘栖嘉园,余杭塘栖景河路26号,房东急售 70年产权 来电立减8万 首付2成 外地人可以买,63,万12858元/O,3室2厅1卫,49O,中层(共8层),"['品质小区', '南北通透', '送车位']"
page6:,西溪润景,"余杭未来科技城创意二路,近邱桥路",首付二成过户，拎包入住，满五   落户上学一步到位 还送露台,67,万15332元/O,2室2厅1卫,43.7O,共4层,"['近地铁', '南北通透', '采光好']"
page6:,广电小区(临安),临安临安城区临天路,临安二手房丨外地人可买丨近地铁口~送精装修丨无需社保价格可议,46.94,万9362元/O,3室1厅1卫,50.1O,中层(共9层),"['繁华地段', '配套成熟', '品质小区']"
page6:,西溪润景,"余杭未来科技城创意二路,近邱桥路",70年产权，总价低，房子目前很抢手，喜欢就不要犹豫,67,万15332元/O,2室2厅1卫,43.7O,共4层,"['近地铁', '南北通透', '送车位']"
page6:,西溪润景,"余杭未来科技城创意二路,近邱桥路",只此一套 错过等三年 首付仅十五万 无需社保 包租4千,67,万15332元/O,2室2厅1卫,43.7O,共4层,"['近地铁', '南北通透', '送车位']"
page7:,高桥小区,萧山城厢高桥路,全新装修一年，实用面积很多 没有浪费空间 采光好 可拎包入住,225,万44573元/O,3室1厅1卫,50.5O,高层(共6层),
page7:,郁家弄小区,"萧山城厢西河路,近体育路",郁家弄 2房 20万精装修 离地铁300米中间楼层 湘师实验,165,万28983元/O,3室1厅1卫,56.9O,中层(共6层),
page7:,华宇家园,余杭临平北临平星光街957号,9号线地铁口 全明户型 双重点学区配套 赠送50平 首付8万,65,万16250元/O,3室2厅2卫,40O,中层(共8层),"['近地铁', '配套成熟', '繁华地段']"
page7:,盛奥西溪铭座,"余杭未来科技城文昌路,近荆长大道",包税急售！首付10万！精装送车位！独立产证可落户上学，近地铁,75,万16252元/O,3室2厅2卫,46.2O,中层(共8层),"['近地铁', '品质小区', '配套成熟']"
page7:,广厦天都城天河苑,"余杭星桥场环路,近天都路",房东急需资金 降价10万甩卖 低首付送豪华精装家电家具,109,万20664元/O,3室2厅1卫,52.8O,中层(共6层),"['繁华地段', '近地铁', '交通便利']"
page7:,盛奥西溪铭座,"余杭未来科技城文昌路,近荆长大道",房东直降30万！可落户可上学 70年产权 精装拎包可入住！！,79,万15472元/O,3室2厅2卫,51.1O,低层(共10层),"['繁华地段', '配套成熟', '近地铁']"
page7:,花园岗和苑,"拱墅汽车北站石祥路,近莫干山路",房东送16平方 外地可买 首付10万 70年产权住宅 可上学,114,万25334元/O,2室2厅1卫,45O,共5层,"['安全性高', '素质住户', '交通便利']"
page7:,定北家园(二区),西湖转塘美音巷,西湖转塘精装住宅丨外地人可买可落户丨低市价20万急售丨三证齐,91,万18200元/O,3室2厅2卫,50O,中层(共10层),"['品质小区', '繁华地段', '安全性高']"
page7:,高速住宅,余杭临平迎宾路273-36号,高速住宅 84万 南北通透 电梯房 居家自住 保养好,90,万17308元/O,2室1厅1卫,52O,低层(共6层),"['配套成熟', '繁华地段', '交通便利']"
page7:,高速住宅,余杭临平迎宾路273-36号,2室1厅 87万 电梯房 满五  住房 高速住宅 诚心出售,87,万17359元/O,2室1厅2卫,50.1O,低层(共6层),"['近地铁', '送车位', '送家电']"
page7:,晴彩巴厘,余杭临平世纪大道,产证清晰 赠送20平 地铁口100米 可落户上学 外地人可买,94,万22350元/O,2室2厅1卫,42.1O,低层(共7层),"['品质小区', '交通便利', '近地铁']"
page7:,"广济西路33,53,55号小区","余杭塘栖广济西路33,53,55号","近地铁口,周边学区环绕，首付8万，赠车位，外地无需社保！！！",80,万16000元/O,3室2厅1卫,50O,中层(共12层),"['近地铁', '品质小区', '繁华地段']"
page7:,金地艺境,"余杭临平翁乔路,鑫业路",1号线地铁口 次新小区 南北通透 3房 拎包入住 送家具家电,248,万28218元/O,3室2厅1卫,87.9O,低层(共17层),
page7:,新城花苑,余杭临平政法路11号,首付10万 产权清晰 无抵押 精装电梯房 带车位 可拎包入住,99.9,万19980元/O,3室2厅2卫,50O,高层(共6层),"['品质小区', '配套成熟', '南北通透']"
page7:,环桥花苑,"余杭临平星河路,近振兴西路",大露台 外地人可买 近地铁，价格可议，首付十万，精装送车位!,92,万17896元/O,3室2厅2卫,51.4O,高层(共7层),"['近地铁', '繁华地段', '配套成熟']"
page7:,远洋VSOHO,拱墅大关大关路,南北通透 2室2厅 电梯房 远洋VSOHO 满五  住房,98,万21305元/O,2室2厅1卫,46O,共4层,"['南北通透', '送车位', '近地铁']"
page7:,佳源名城,"余杭崇贤崇超路,近汇贤路",房东急售  坐北朝南精装修住宅现房 家具家电全送 来电详询,112.35,万20380元/O,2室2厅1卫,55.1O,低层(共6层),"['交通便利', '环境优美', '安全性高']"
page7:,雅居乐国际花园,"余杭闲林天目山西路,近闲富路",（杭州人气必看小区）雅居乐集团，闲林板块高品质房源,152,万25807元/O,2室2厅1卫,58.9O,低层(共10层),"['品质小区', '繁华地段', '交通便利']"
page7:,东安景苑,"余杭临平龙湖路,近平吴街",70年产权住宅房！可过户上学！外地人可买！送车位！赠送20平,79,万16084元/O,2室2厅1卫,49.1O,低层(共7层),"['近地铁', '送车位', '拎包入住']"
page7:,稽家角33号小区,余杭塘栖稽家角33号,70年产权 直降30万 赠送25平 精装修送车位 无需社保,62,万10690元/O,3室2厅2卫,58O,低层(共12层),"['品质小区', '南北通透', '送车位']"
page7:,海兴雅苑,"余杭仓前联创街,近聚橙路",满五  住房 121万 南北通透 精装修 35平 海兴雅苑,139,万33903元/O,3室1厅1卫,41O,中层(共6层),"['安全性高', '素质住户', '交通便利']"
page7:,微时代城,余杭临平兴起路518号,精装修送车位 无抵押 产证齐全 诚心出售 价格可议 随时过户,51,万9108元/O,3室2厅1卫,56O,中层(共6层),
page7:,毓秀家园,余杭临平临平人民大道652号,新上 南苑毓秀家园 老客户的房子 3阳台 楼层好 边套好房源,112,万21769元/O,3室2厅2卫,51.5O,低层(共10层),"['品质小区', '繁华地段', '近地铁']"
page7:,六眼井,"滨江西兴固陵路,近青年路",必看好房 2室2厅 59平 简单装修 采光好 周边商圈成熟,200,万33620元/O,2室2厅1卫,59.5O,共5层,"['低密度', '两房朝南', '顶楼']"
page7:,新中花苑,萧山钱江世纪城新城路2755号,赠26平 首付10万 精装带车位 外地人上学 70年产权住宅,78,万19500元/O,2室1厅1卫,40O,共5层,"['近地铁', '一梯两户', '送车位']"
page7:,文三新村,西湖文教文三路109号,文三街新上，文三街本部，12年房龄，精装修，南北通透，诚售。,500,万83767元/O,2室2厅1卫,59.7O,共5层,"['繁华地段', '品质小区', '安全性高']"
page7:,滨兴西苑,"滨江长河共鸣巷,近兴才路",新上好房，带阁楼小户型，高。,155,万31044元/O,2室1厅1卫,49.9O,共5层,['南北通透']
page7:,新青年广场,拱墅大关上塘路259号,精致2房等你来收丨无需社保丨可落户上学丨首付8万丨精装送车位,73,万17381元/O,2室2厅1卫,42O,共5层,"['配套成熟', '南北通透', '拎包入住']"
page7:,金沙居,钱塘新区下沙江滨学正街567号,步行可到地铁口，首付13万包税出售，外地人可买，精装修送车位,52,万11417元/O,2室2厅1卫,45.6O,共5层,"['品质小区', '交通便利', '配套成熟']"
page7:,华元十六街区,"钱塘新区下沙物美2号大街,近顺雅巷",不限 购不限贷，精装修现房，产权清晰，南北通透，满五少税,48,万10957元/O,2室2厅1卫,43.8O,共4层,"['配套成熟', '南北通透', '拎包入住']"
page7:,秋涛南苑,上城南星秋涛路50号,秋涛南苑 凤凰勇进 多层两房 租金4000 精装修 地铁口,220,万49740元/O,2室1厅1卫,44.2O,共5层,"['配套成熟', '近地铁', '繁华地段']"
page7:,保利湾天地,钱塘新区下沙江湾24号大街,捡漏房！首付15万！外地人可买！精装修送家电四件套！包税,50,万10814元/O,2室2厅2卫,46.2O,共5层,"['配套成熟', '近地铁', '繁华地段']"
page7:,梅堰路13号小区,余杭临平梅堰路13号,不管你人在何处 这里永远都是你嵛屡的家,70,万15218元/O,2室2厅1卫,46O,低层(共6层),"['繁华地段', '南北通透', '拎包入住']"
page7:,仓乐雅苑,余杭仓前科技大道,满五   电梯房 58平 精装修 南北通透 居家自住 保养好,106,万18276元/O,2室2厅1卫,58O,低层(共8层),"['品质小区', '交通便利', '近地铁']"
page7:,南湖大厦,余杭中泰中泰路370号,杭州产权，无需社保，70年产权，可落户上学，首付8万，送车位,73,万13067元/O,3室2厅2卫,55.9O,低层(共14层),"['交通便利', '环境优美', '安全性高']"
page7:,微时代城,余杭临平兴起路518号,好房，外地人可买，首付10万起，产证齐全可,56,万9656元/O,3室2厅1卫,58O,中层(共12层),"['南北通透', '近地铁', '繁华地段']"
page7:,忆江南家园(南区),临安临安城区钱王街1090号,赠送16平 来电减9万 无需社保 首付20万 可包租 送装修,85,万17000元/O,3室2厅2卫,50O,高层(共7层),"['繁华地段', '近地铁', '交通便利']"
page7:,广宇公寓,余杭塘栖东小河街,广宇公寓 满五年 跃层     大 诚心出售,180,万18557元/O,3室2厅2卫,97O,共5层,
page7:,金盛花苑,余杭临平世纪大道33号,（特价房）首付10万！无需社保！精装修！带产权车位！可过户！,90,万18000元/O,3室2厅1卫,50O,中层(共8层),"['繁华地段', '配套成熟', '素质住户']"
page7:,迎宾路小区,余杭临平迎宾路158号,首付只需15万 房东着急出售 可落户上学 外地人可买 可私聊,80,万16000元/O,3室2厅2卫,50O,中层(共8层),"['近地铁', '一梯两户', '送车位']"
page7:,荷花塘小区,余杭临平北星光街,70产权 首付20万 精装修 送车位,87,万17400元/O,3室2厅2卫,50O,中层(共10层),"['交通便利', '近地铁', '配套成熟']"
page7:,广电小区(临安),临安临安城区临天路,3室2厅 50平 广电小区(临安) 60万 楼层好 视野无遮,60,万12000元/O,3室2厅2卫,50O,低层(共11层),
page7:,沿山路小区,余杭临平沿山路29号,70年产权住宅房！可过户上学！外地人可买！带车位！带精装修！,77,万13238元/O,3室2厅2卫,58.2O,中层(共8层),"['近地铁', '送家电', '送车位']"
page7:,广厦天都城天河苑,"余杭星桥场环路,近天都路",广厦天都城天河苑 满五  住房 南北通透 3室2厅 精装修,109,万20664元/O,3室2厅1卫,52.8O,低层(共10层),"['交通便利', '近地铁', '配套成熟']"
page7:,草荡苑北区,余杭未来科技城永寿街,电梯房 精装修 满五  住房 草荡苑北区 诚心出售 价格可议,80,万20000元/O,2室1厅1卫,40O,低层(共6层),"['品质小区', '配套成熟', '近地铁']"
page7:,金地艺境,"余杭临平翁乔路,鑫业路",绿地魔方旁 翁梅D铁路300米 房东降价10万诚售!刚需3房,248,万28218元/O,3室2厅1卫,87.9O,低层(共17层),"['次新小区', '近地铁', '环境优美']"
page7:,佳肴弄小区,"余杭临平佳肴弄,近九曲营路",103万 精装修 电梯房 南北通透 佳肴弄小区 房东急置换,103,万18198元/O,3室2厅2卫,56.6O,低层(共16层),"['品质小区', '繁华地段', '安全性高']"
page7:,钱江社区,余杭临平丘山大街,捡漏必看房源 首付10万 精装车位 无需社保 近地铁有赠,79,万13621元/O,3室2厅2卫,58O,中层(共8层),"['繁华地段', '近地铁', '交通便利']"
page7:,保利湾天地,钱塘新区下沙江湾24号大街,外地人可买 精装住宅 房东挂牌售卖 坐北朝南 送大露台车位,50,万10814元/O,2室2厅2卫,46.2O,共5层,
page7:,云溪印象,"西湖转塘镇中路,近象山路",首付12万，送车位，带露台，精装修拎包入住，无需社保，包税！,85,万17000元/O,3室2厅1卫,50O,中层(共9层),"['送车位', '赠露台', '配套成熟']"
page7:,碧云阁,余杭临平复兴弄24号,89万 电梯房 精装修 3室2厅 满五  住房 房东急置换,89,万17751元/O,3室2厅2卫,50.1O,中层(共8层),"['品质小区', '繁华地段', '素质住户']"
page7:,荷花塘小区,余杭临平北星光街,房东置换房子 现急售此房 价格可谈 70年产权 可落户上学,87,万17400元/O,3室2厅2卫,50O,高层(共6层),
page7:,西溪庭院,余杭闲林闲林东路,外地可买 首付8万 70年产权 赠送20平 小户型 无需社保,91,万18959元/O,3室1厅1卫,48O,中层(共12层),"['品质小区', '南北通透', '送车位']"
page7:,赞成首府(商住楼),余杭临平世纪大道,急售房源 首付8万 精装住宅 环绕 以租养贷  无需社保,88,万15121元/O,3室1厅1卫,58.2O,低层(共12层),"['品质小区', '繁华地段', '素质住户']"
page7:,保利湾天地,钱塘新区下沙江湾24号大街,外地人可买 精装住宅 房东挂牌售卖 坐北朝南 送大露台车位,50,万10814元/O,2室2厅2卫,46.2O,共5层,
page7:,荷花塘小区,余杭临平北星光街,白菜价，年底急售，70年产权，无需社保，产证清晰，精装送车位,87,万17400元/O,3室2厅2卫,50O,中层(共10层),"['繁华地段', '交通便利', '品质小区']"
page7:,绿苑公寓,余杭临平邱山大街344号,房东置换 诚心出售 首付仅需12万 南北通透 来电价格可再议,81,万16200元/O,3室2厅2卫,50O,中层(共12层),"['品质小区', '繁华地段', '交通便利']"
page7:,建设弄小区,西湖留下建设弄,赠15平建设弄小区 精装修 南北通透 电梯房 看房方便有钥匙,65,万16250元/O,3室1厅1卫,40O,中层(共7层),"['繁华地段', '配套成熟', '近地铁']"
page7:,荷花塘小区,余杭临平北星光街,"真实急！急！急！低首付10万来电立减12万,咨询赠送车位",87,万17400元/O,3室2厅2卫,50O,高层(共7层),"['近地铁', '配套成熟', '繁华地段']"
page7:,碧云阁,余杭临平复兴弄24号,精装修 满五  住房 3室1厅 电梯房 采光好 周边商圈成熟,76,万18113元/O,3室1厅1卫,42O,中层(共14层),"['繁华地段', '交通便利', '配套成熟']"
page8:,邱山小区,余杭临平邱山大街235号,2室2厅 精装修 91万 电梯房 邱山小区 45平 诚心出售,91,万20223元/O,2室2厅1卫,45O,低层(共16层),"['品质小区', '繁华地段', '安全性高']"
page8:,星河嘉园,余杭临平北星河路110号,（临平北88万）买时遮风避雨无所不能！卖时白银万两步步生金！,88,万16924元/O,2室2厅1卫,52O,低层(共12层),"['安全性高', '两房朝南', '客厅朝南']"
page8:,复兴南苑,上城复兴之江路525号,复兴南苑 花低总价买大俩房 刚需！新上 随时可能没 抓紧,185,万38494元/O,2室1厅1卫,48.1O,高层(共7层),
page8:,翠苑三区,西湖翠苑翠柏路11号,闹中取静好房出售，精装两房朝南，全明户型，产权清晰，看房方便,183,万36324元/O,2室1厅1卫,50.4O,高层(共6层),"['品质小区', '配套成熟', '交通便利']"
page8:,锅子弄,"上城佑圣观路建国中路,近清泰街","业主挂牌 锅子弄190万两房，诚心出售,有钥匙，随时看房。",190,万40905元/O,2室1厅1卫,46.5O,高层(共6层),"['品质小区', '配套成熟', '近地铁']"
page8:,伟华苑,拱墅拱宸桥树人路11号,出门地铁，西边套全明两房，南北通透，诚心，价格还可以商量,180,万30171元/O,2室1厅1卫,59.7O,高层(共7层),['南北通透']
page8:,十亩田家园,上城复兴化仙桥路27号,十亩田家园 送阁楼（面朝小区花园）精装两房 视野景观好,195,万36368元/O,2室1厅1卫,53.6O,高层(共7层),"['品质小区', '繁华地段']"
page8:,水星阁西区,下城天水环城北路173号,98年房龄 两房得房率高 南北通透,196,万41473元/O,2室1厅1卫,47.3O,高层(共7层),
page8:,三塘沁园,下城三塘香积寺路37-69号,三塘沁园 新上小两房户型，装修清爽，利用率高，诚心出售,195,万35455元/O,2室1厅1卫,55O,高层(共7层),
page8:,景芳四区,江干景芳昙花庵路238号,景芳四区 新上 两房朝南 精装修 拎包入住 看房方便,188,万40720元/O,2室1厅1卫,46.2O,高层(共7层),"['近地铁', '繁华地段', '配套成熟']"
page8:,禹丰嘉苑,余杭老余杭凤凰山路,房东创业失败 赠25平急售 70年精装修住房产证齐全,120,万24000元/O,2室2厅1卫,50O,低层(共17层),"['品质小区', '近地铁', '双阳台']"
page8:,京惠花园,江干闸弄口机场路35-49号,京惠花园 两房  南北通透 装修清爽 不是顶底楼 实木装修,199,万36314元/O,2室2厅1卫,54.8O,高层(共7层),"['品质小区', '繁华地段', '素质住户']"
page8:,清水弄小区,余杭临平东大街,捡漏房源，精装可落户，产证齐全，无需社保，外地人可买！包税,60,万15000元/O,2室2厅1卫,40O,低层(共8层),"['近地铁', '一梯两户', '送车位']"
page8:,群升万国城,余杭临平北龙船坞路119号,群升万国城 满五 住房 南北通透 精装修 53万 看房方便,54,万12858元/O,2室2厅1卫,42O,低层(共6层),"['配套成熟', '南北通透', '拎包入住']"
page8:,佳源名城,"余杭崇贤崇超路,近汇贤路",房东急售  坐北朝南精装修住宅现房 家具家电全送 来电详询,107,万19409元/O,2室2厅1卫,55.1O,低层(共6层),
page8:,运旺佳苑,余杭临平北兴旺大道109号,急售70年产权，赠20平，外地人可买，精装带车位，可落户上学,59,万10728元/O,3室1厅1卫,55O,低层(共15层),"['近地铁', '繁华地段', '配套成熟']"
page8:,毓秀家园,余杭临平临平人民大道652号,3室2厅满二112万毓秀家园简单装修楼层好视野无,112,万21769元/O,3室2厅2卫,51.5O,低层(共15层),"['南北通透', '素质住户', '安全性高']"
page8:,水岸锦城,余杭塘栖运溪路152号,包税急售！产证齐全！外地人可买！70年产权房！精装修送车位！,70,万14000元/O,3室2厅2卫,50O,低层(共16层),"['近地铁', '品质小区', '配套成熟']"
page8:,百姓弄小区,余杭临平邱山大街,首付12万 可落户上学 看房议价 精装送车位 产证齐全 包税,100,万19585元/O,3室2厅2卫,51.1O,低层(共17层),"['品质小区', '繁华地段', '配套成熟']"
page8:,中都广场,"余杭临平北大街,近东大街",外地人可买 首付10万 精装修 南北  采光好,80,万16000元/O,2室2厅1卫,50O,低层(共6层),"['近地铁', '南北通透', '拎包入住']"
page8:,复兴弄小区,余杭临平复兴弄139号,2室2厅 50平 复兴弄小区 满五  住房 88万 房东急置,88,万17600元/O,2室2厅1卫,50O,低层(共6层),"['配套成熟', '交通便利', '素质住户']"
page8:,丰梅路小区,余杭临平丰梅路1-20号,首付10万，无需社保，精装修拎包入住，送车位！可以落户，包税,81,万16200元/O,2室2厅1卫,50O,低层(共6层),"['繁华地段', '配套成熟', '交通便利']"
page8:,荷花塘小区,余杭临平北星光街,育才三中 临平山脚下 环境优美 精装清爽中间层 总价低 诚售,87,万17400元/O,3室2厅2卫,50O,低层(共15层),"['品质小区', '环境优美', '交通便利']"
page8:,金盛花苑,余杭临平世纪大道33号,地铁口住房！业主低价急售！诚心购房可议价！,90,万18000元/O,3室2厅1卫,50O,低层(共13层),"['近地铁', '配套成熟', '交通便利']"
page8:,绿城财通中心,"钱塘新区金沙湖金沙大道,近高沙路",绿城财通中心 68万 南北通透 精装修 电梯房 3室2厅 采,68,万16130元/O,3室2厅2卫,42.2O,低层(共15层),"['品质小区', '繁华地段', '配套成熟']"
page8:,红垦小区,萧山新街红垦路397号,家人手术急售！近地铁！车位！精装带家电！可落户上学！价可谈,106,万19024元/O,3室2厅1卫,55.7O,低层(共15层),"['配套成熟', '近地铁', '次新小区']"
page8:,西溪八方城,"余杭未来科技城文一西路,近荆长路",（急售）无贷款 外地人可买 无需社保 精装 层高4.7米,120,万24969元/O,2室3厅2卫,48.1O,低层(共11层),"['繁华地段', '近地铁', '配套成熟']"
page8:,西溪花城,余杭五常荆长路40号,新上好房！直降12万！首付  可谈15万！外地可买！精装修！,104,万17456元/O,2室2厅1卫,59.6O,低层(共6层),"['品质小区', '配套成熟', '近地铁']"
page8:,西溪景苑清晖园(东区),余杭五常丰岭路,70年产权 精装两房 外地人可买 可落户上学 送,113,万22600元/O,2室2厅1卫,50O,低层(共9层),"['近地铁', '南北通透', '拎包入住']"
page8:,梅堰路13号小区,余杭临平梅堰路13号,不管你人在何处 这里永远都是你嵛屡的家,65,万15477元/O,2室2厅1卫,42O,低层(共6层),"['繁华地段', '南北通透', '拎包入住']"
page8:,迎宾路小区,余杭临平迎宾路158号,总价79万外地可买 南北通透 迎宾路小区房东急置换,79,万15800元/O,2室2厅1卫,50O,低层(共6层),"['品质小区', '配套成熟', '交通便利']"
page8:,朝阳西路15号小区,余杭临平朝阳西路15号,走过路过不要错过啊！新鲜出炉好房！首付只要3万，满五  住房,69.6,万16300元/O,2室2厅1卫,42.7O,低层(共6层),"['近地铁', '安全性高', '素质住户']"
page8:,微时代城,余杭临平兴起路518号,首付5万（真实在售）无需社保可买7天拿证 年前来电优惠享9折,50,万9804元/O,2室2厅1卫,51O,低层(共6层),"['近地铁', '配套成熟', '繁华地段']"
page8:,钱江社区,余杭临平丘山大街,钱江社区 电梯房 64万 南北通透 精装修 50平 居家自住,64,万12800元/O,2室2厅1卫,50O,低层(共10层),"['品质小区', '繁华地段', '近地铁']"
page8:,佳源名城,"余杭崇贤崇超路,近汇贤路",房东急售  坐北朝南精装修住宅现房 家具家电全送 来电详询,107.32,万19467元/O,2室2厅1卫,55.1O,低层(共6层),"['交通便利', '环境优美', '安全性高']"
page8:,广厦天都城天河苑,"余杭星桥场环路,近天都路",降价19万 首付10万 外地人可买 70年产权住宅 送精装修,109,万20664元/O,3室2厅1卫,52.8O,低层(共15层),"['繁华地段', '配套成熟', '近地铁']"
page8:,华鸿汇盛德堡,江干九堡科技园九州路19号,近九堡地铁 稀 少小户型 东城学 区 拎包入住 腾名额 诚售,183,万39508元/O,1室1厅1卫,46.3O,低层(共16层),['小户型']
page8:,贺田尚城(公寓住宅),滨江钱江湾六和路365号,贺田尚城 新上 满五 带阳台 樱花跑道 交通便利,186,万43765元/O,1室1厅1卫,42.5O,中层(共12层),
page8:,萧金路33号小区,萧山城厢萧金路33号,上新！首付10入住地铁口，自带精装修，拎包入住，配套设齐全.,100,万20000元/O,2室2厅1卫,50O,低层(共6层),"['南北通透', '近地铁', '配套成熟']"
page8:,天汇园星云地带,萧山城厢金鸡路506号,地铁口豪华装修 可落户上学 无需社保 70年产权 有对口学校,75,万15000元/O,3室1厅1卫,50O,低层(共15层),
page8:,之江路182号楼,西湖转塘之江路182号,近地铁口！70年产权精装3房！可按褐，包租4千起！南北通透！,184,万32168元/O,1室1厅1卫,57.2O,低层(共16层),"['配套成熟', '近地铁', '赠露台']"
page8:,贝利云栖中心,"西湖转塘象山路,近镇中路",急售！首付15万，精装无税，产证齐全，全明户型南北通透采光好,87,万20715元/O,2室2厅1卫,42O,低层(共12层),"['近地铁', '南北通透', '送车位']"
page8:,天汇园,萧山北干金城路411号,急售 首付10万 产权清晰 无抵押 外地人可买 来电精装,89.9,万17980元/O,2室1厅1卫,50O,低层(共15层),"['品质小区', '配套成熟', '南北通透']"
page8:,红垦小区,萧山新街红垦路397号,电梯房 总价97万 可落户可上学 外地人可买 送独立产权车位,97,万19054元/O,2室1厅1卫,50.9O,低层(共15层),"['近地铁', '繁华地段', '南北通透']"
page8:,华盛达阅城(商住楼),"拱墅万达广场杭行路,近祥富路",金道花园电梯方正两房新婚必选环境舒适随时看房,90,万17308元/O,2室2厅1卫,52O,低层(共9层),"['南北通透', '近地铁', '繁华地段']"
page8:,和达自由港,"钱塘新区下沙物美12号大街,近11号大街",杭州  一套0。首付地铁口精装修住宅！可落户交通便利！,88,万17696元/O,2室2厅1卫,49.7O,低层(共6层),"['繁华地段', '近地铁', '交通便利']"
page8:,德信空港城,萧山瓜沥机场高速,德信空港城，萧山机场旁，地铁口，精装修双钥匙，包租4200,84.2,万21050元/O,2室2厅2卫,40O,低层(共9层),"['南北通透', '配套成熟', '交通便利', '推荐新房']"
page8:,裕华大厦,西湖西湖三墩振华路201号,紫金港旁边，地铁口500米，首付15万，精装修，产权齐全,80,万16000元/O,3室2厅2卫,50O,低层(共15层),"['繁华地段', '近地铁', '送车位']"
page8:,星光国际广场,滨江长河江南大道228号,星光国际广场 精装修 88万 45平 楼层好 视野无遮挡,88,万19556元/O,3室2厅2卫,45O,低层(共16层),"['品质小区', '交通便利', '近地铁']"
page8:,红联九漾华庭西区,"余杭临平新城路,近永乐路",（来电立减！）业主儿子出国留学，特售此房，南北通透 车位,99,万18000元/O,2室2厅1卫,55O,低层(共12层),"['近地铁', '交通便利', '南北通透']"
page8:,景芳四区,江干景芳昙花庵路238号,降77万！还能谈价！钱江新城二手江干景芳四区 低市场5千一方,185,万40070元/O,2室1厅1卫,46.2O,高层(共7层),"['近地铁', '配套成熟', '繁华地段']"
page8:,苕溪苑,"余杭瓶窑凤溪路,近苕溪北路",挥泪急售 来电立减10万 赠送产权车位 外地人可买 可落户,58.8,万14646元/O,2室2厅1卫,40.2O,低层(共6层),"['繁华地段', '近地铁', '南北通透']"
page8:,毓秀家园,余杭临平临平人民大道652号,3室2厅 满二 112万 毓秀家园 简单装修 楼层好 视野无,112,万21769元/O,3室2厅2卫,51.5O,低层(共15层),"['南北通透', '近地铁', '繁华地段']"
page8:,都市港湾,余杭临平北北沙东路1-7号,捡漏房源低于市场价30万 外地人可买可落户上学 周边商圈成熟,72.5,万14233元/O,3室1厅1卫,50.9O,中层(共12层),"['繁华地段', '交通便利', '配套成熟']"
page8:,丰梅路小区,余杭临平丰梅路1-20号,降价20万急售，精装俩房，首付15万起，送家具家电，  好房,78,万15600元/O,3室2厅1卫,50O,低层(共15层),"['近地铁', '繁华地段', '配套成熟']"
page8:,长山街256号小区,萧山北干长山街256号,满五 精装修南北通透 外地人可买 送车位和露台 来电立减2万,86,万16069元/O,2室2厅1卫,53.5O,低层(共12层),"['品质小区', '环境优美', '配套成熟']"
page8:,景芳四区,江干景芳昙花庵路238号,年底急售降40万！价格还能谈 景芳四区 南北通透采光足 诚售,185,万40070元/O,2室1厅1卫,46.2O,高层(共7层),"['品质小区', '交通便利', '配套成熟']"
page8:,起梦公园,"余杭良渚古墩路,近疏港公路",余杭良渚，精装住宅，赠送32平，产证清晰，首付三层，拎包入住,74,万16387元/O,3室1厅1卫,45.2O,中层(共13层),"['品质小区', '繁华地段', '近地铁']"
page8:,丰梅路小区,余杭临平丰梅路1-20号,房东急售丨精准修送车位丨外地人无需社保丨周边配套好丨,82,万16400元/O,2室2厅1卫,50O,低层(共7层),"['近地铁', '送车位', '拎包入住']"
page8:,西城博司,西湖西湖三墩振华路,诚售 总价抄底 满五 外地人可够 可落户拎包住 来电再减5万,77,万14952元/O,3室1厅1卫,51.5O,低层(共15层),"['近地铁', '交通便利', '配套成熟']"
page9:,翠苑四区,西湖翠苑文一路437号,2室 翠苑四区 满五  住房 40平 房东急置换 诚意买房,155,万37972元/O,2室0厅1卫,40.8O,低层(共15层),"['品质小区', '配套成熟', '素质住户']"
page9:,富宸锦苑,富阳富春金桥南路157-8号,富宸锦苑精装修loft，通燃气民用水电，首付可面议 可落户,44,万8800元/O,2室1厅1卫,50O,低层(共15层),"['繁华地段', '配套成熟', '近地铁']"
page9:,宁都花园,萧山新街新宁路180号,急售 产权清晰 可上学 外地人无社保可买 精装送车位 来电减,56,万11154元/O,2室1厅2卫,50.2O,低层(共15层),"['近地铁', '繁华地段', '南北通透']"
page9:,浴美施路49号小区,萧山临浦浴美施路49号,急售！南北通透！采光好！来电立减8万！精装拎包入住！！,72,万17143元/O,2室2厅1卫,42O,低层(共12层),"['品质小区', '环境优美', '配套成熟']"
page9:,红街天城,江干火车东站 新风路288号,首付10万 来点立减8万 精装修产权车位 拎包入住 近地铁,75,万16667元/O,2室2厅1卫,45O,低层(共6层),"['繁华地段', '南北通透', '拎包入住']"
page9:,联合麦田,江干火车东站 范家路219号,抢！ 来电立减8万 近地铁 房东急售 无税精装修送车位,68,万15112元/O,2室2厅1卫,45O,低层(共11层),"['近地铁', '配套成熟', '送车位']"
page9:,朗庭公馆,滨江长河滨文路115号,房东急售丨送精装修车位丨外地人无需社保丨周边配套成熟,71,万14792元/O,2室2厅1卫,48O,低层(共6层),"['繁华地段', '南北通透', '拎包入住']"
page9:,丰盛九玺,"西湖西湖三墩欣然街,近榨河巷",首付5万外地人可买无需社保70年产权住宅独立产证急售,76,万16522元/O,2室2厅1卫,46O,低层(共6层),"['繁华地段', '南北通透', '拎包入住']"
page9:,云溪印象,"西湖转塘镇中路,近象山路",急急急急急|出国|捡漏房源|外地人可买|可落户|拎包入住,78,万17334元/O,2室2厅1卫,45O,低层(共11层),"['近地铁', '配套成熟', '南北通透']"
page9:,南沙新苑,钱塘新区新湾建华路,地铁口300米丨赠30平丨不限购可落户丨送车位，来电立减9万,49,万8910元/O,3室2厅2卫,55O,低层(共15层),"['品质小区', '繁华地段', '环境优美']"
page9:,杨公江岸邻里,江干九堡沿江杨公路66号,70年产权住宅|可上学|无需社保|品质小区配套成熟|急,142,万23679元/O,3室2厅1卫,60O,低层(共24层),"['交通便利', '素质住户', '配套成熟']"
page9:,和达东东城,钱塘新区下沙江滨十号大街东29号,首付十万 月供两千 外地人可买 精装修送车位 可落户上学,58.9,万13616元/O,3室2厅2卫,43.3O,低层(共16层),"['品质小区', '素质住户', '配套成熟']"
page9:,蚕桑西苑,江干九堡科技园九盛路,惊！赠20平！首付3成！近地铁！可落户！送产权车位！价格可谈,101,万19836元/O,3室2厅2卫,50.9O,低层(共16层),"['配套成熟', '近地铁', '品质小区']"
page9:,华彩名府,"钱塘新区新湾新湾路,近闸口路",急售 满五无税 繁华地段 交通便利 精装修车位 外地人可买！,58,万10546元/O,3室1厅1卫,55O,低层(共16层),"['品质小区', '繁华地段', '环境优美']"
page9:,航坞路166-359号小区,萧山瓜沥航坞路166-359号,萧山地铁口 降价首付8万 外地人可买可落户 精装修不限购,78,万13165元/O,2室1厅1卫,59.3O,低层(共12层),"['繁华地段', '交通便利', '近地铁']"
page9:,和昌钱塘外滩,杭州周边嘉兴仰山路,外地人可买  地铁口 精装房 房东急售 车位来电可议,60,万10910元/O,2室2厅1卫,55O,低层(共12层),"['品质小区', '配套成熟', '近地铁']"
page9:,颐景山庄(公寓住宅),富阳银湖九龙大道99号,颐景山庄山体公园，有游泳池诚心出售，花园洋边套，背靠茶山,185,万19073元/O,2室2厅1卫,97O,共2层,['繁华地段']
page9:,西溪君逸汇,西湖留下留下街道125号,首付10万|精装修|可包租|无需社保|可落户|地铁口|送车位,83,万18445元/O,2室2厅1卫,45O,低层(共6层),"['配套成熟', '南北通透', '拎包入住']"
page9:,人和家园,西湖留下天目山路1号,不限购！不限贷！无需社保！首付10万起！欢迎随时来电看房！,88,万19439元/O,2室2厅1卫,45.3O,低层(共10层),"['品质小区', '配套成熟', '近地铁']"
page9:,丰润家园,"萧山北干博学路,近金鸡路",生意惨败回笼资金急需周转！降价20万急售精装住宅！来电议价,80,万14815元/O,2室2厅1卫,54O,低层(共9层),"['交通便利', '近地铁', '南北通透']"
page9:,沁园雅舍生活馆,江干闸弄口机场路163号,来电立减，赠15平！70年产权，精装送车位，产证清晰可包租！,83,万16600元/O,2室2厅1卫,50O,低层(共11层),"['近地铁', '配套成熟', '送车位']"
page9:,德信空港城,萧山瓜沥机场高速,堪比上海虹桥枢纽 7号线上盖TOD 包租 与 空 姐 做邻居,88,万22000元/O,2室2厅2卫,40O,低层(共9层),"['南北通透', '推荐新房']"
page9:,紫晶商务城,江干南肖埠庆春东路82-2号,地铁口新上，两房朝南，大两房，全明一梯两户，交通出行方便,88,万19556元/O,2室2厅1卫,45O,低层(共8层),"['配套成熟', '近地铁', '品质小区']"
page9:,恒祺克拉天玺,"江干火车东站 东宁路,近天城路",业主急售！外地人可买可落户上学，首付8万，月供2000不限购,95,万22566元/O,2室2厅1卫,42.1O,低层(共6层),"['繁华地段', '南北通透', '拎包入住']"
page9:,萧金路33号小区,萧山城厢萧金路33号,来电立减 满五 住房 精装修 诚心出售 价格可,94,万18800元/O,2室2厅1卫,50O,低层(共6层),"['近地铁', '南北通透', '拎包入住']"
page9:,泰地北上新城,下城石桥华中路229号,来电立减8万，精装修家具家电，产证齐全带车位，可落户上学。,81,万14228元/O,3室2厅2卫,56.9O,中层(共12层),"['繁华地段', '环境优美', '配套成熟']"
page9:,横桥沈合苑,"西湖转塘沈家路,近转塘横路",外地人可买，精装三房车位，产证清晰，可落户，来电立减8万。,97,万17322元/O,3室2厅2卫,56O,中层(共12层),"['品质小区', '环境优美', '配套成熟']"
page9:,贝利云栖中心,"西湖转塘象山路,近镇中路",业主急售 精装修70年产权住宅 产权清晰 外地可买 随时看房,87,万20715元/O,2室2厅1卫,42O,低层(共12层),"['近地铁', '南北通透', '送车位']"
page9:,红联九漾华庭西区,"余杭临平新城路,近永乐路",精装修 55平 满五  住房 南北通透 看房方便 有钥匙,99,万18000元/O,2室2厅1卫,55O,低层(共17层),"['品质小区', '环境优美', '繁华地段']"
page9:,南大街56号小区,余杭临平南大街56号,首付10万，送18平，外地人可购，可可上学，对应好,89.7,万17940元/O,3室2厅2卫,50O,低层(共18层),"['南北通透', '近地铁', '繁华地段']"
page9:,地铁万科杭行道,拱墅万达广场杭行路666号,"首付8万,来电送车位,近地铁口,解决社保问题,房东置换房子!",67,万14566元/O,2室2厅1卫,46O,低层(共6层),"['繁华地段', '南北通透', '拎包入住']"
page9:,龙禧BOSS港,滨江彩虹城南环路4281号,46号线地铁口，周边就是大学城，包租一月4500,75,万15958元/O,2室2厅1卫,47O,低层(共11层),"['近地铁', '配套成熟', '南北通透']"
page9:,泰地北上新城,下城石桥华中路229号,（今日上新）华丰北上新城，诚心卖，欢迎看房，民用水电,67,万14338元/O,2室2厅1卫,46.7O,低层(共10层),"['品质小区', '繁华地段', '交通便利']"
page9:,西子阳光星城,钱塘新区下沙物美4号大街15号,包租包税，产证齐全，来电立减8万赠使用面积10方，随时看房。,43,万8694元/O,2室2厅1卫,49.5O,低层(共9层),"['南北通透', '近地铁', '配套成熟']"
page9:,阳城路62号楼,萧山瓜沥阳城路62号,电梯房 满五  住房 50平 南北通透 诚心出售 价格可议,45,万9000元/O,2室2厅1卫,50O,低层(共6层),"['品质小区', '配套成熟', '近地铁']"
page9:,联合麦田,江干火车东站 范家路219号,江干火车东站 房东急售包税过户 可议价 来电立减5万 送家电,58,万14500元/O,2室2厅1卫,40O,低层(共6层),"['繁华地段', '南北通透', '拎包入住']"
page9:,保利湾天地,钱塘新区下沙江湾24号大街,产权清晰精装带车位 拎包即可入住 无需社保 来电价格还可再议,49,万10597元/O,2室2厅1卫,46.2O,低层(共8层),"['品质小区', '交通便利', '环境优美']"
page9:,江滨澜廷,"滨江区政府闻涛路,近江陵路",滨江 网易阿里旁 一线江景 精装修户型 核心小面积,123.2,万29334元/O,2室2厅2卫,42O,低层(共8层),"['南北通透', '配套成熟', '交通便利', '推荐新房']"
page9:,东部之星,"钱塘新区金沙湖金沙大道,近文溯路",近地铁   ，首付8万，精装送车位，业主降价20万，无需社保,59,万14750元/O,2室2厅1卫,40O,低层(共6层),"['近地铁', '品质小区', '配套成熟']"
page9:,中沙金座,钱塘新区金沙湖天城东路,首付8万地铁口精装两房拎包入住，急售置换新房。诚意价可商,45,万10000元/O,2室2厅1卫,45O,低层(共6层),"['繁华地段', '南北通透', '拎包入住']"
page9:,前新福苑,"钱塘新区前进前进路,近东三路",万 可落户上学 无需社保 附赠面积20平 可议价,50,万10000元/O,2室2厅1卫,50O,低层(共8层),"['繁华地段', '交通便利', '环境优美']"
page9:,西城博司,西湖西湖三墩振华路,抢丨对口名校丨外地人可买丨可落户可上学丨来电立减5万丨送车位,70,万15556元/O,2室2厅1卫,45O,低层(共11层),"['配套成熟', '南北通透', '送车位']"
page9:,树园小区,下城建国路建国北路426号,大院子，自己饭店着急用钱，急降30万，资金周转！建国路地铁！,210,万36823元/O,2室2厅1卫,57O,低层(共7层),['南北通透']
page9:,古荡新村(东区),"西湖古荡文三西路,近益乐路",带院子20方，两房朝南，样板房精装修，给您视觉冲击，户型正气,155,万31659元/O,2室1厅1卫,49O,低层(共6层),"['繁华地段', '交通便利', '配套成熟']"
page9:,田逸之星大厦,下城石桥华丰路60号,在这座钢铁森林里，闪烁着万家灯火，总有一盏是属于你的。,75,万15000元/O,2室2厅1卫,50O,低层(共11层),"['近地铁', '配套成熟', '南北通透']"
page9:,龙湖滟澜星座,"钱塘新区金沙湖海达南路,近金沙大道",急售 首付25万 精装修70年产权 南北通透 赠家具 送车位,104,万19494元/O,3室2厅2卫,53.4O,中层(共12层),"['近地铁', '品质小区', '繁华地段', '推荐新房']"
page9:,原筑壹号(商住楼),江干笕桥德胜东路7666号,马无夜草不肥，人不外财不富，，包租四千外地人可买。,62,万12400元/O,3室2厅1卫,50O,低层(共15层),"['南北通透', '近地铁', '繁华地段']"
page9:,美达晓城天地,钱塘新区金沙湖金沙大道,近地铁口 首付8万 外地人可买无需社保 精装三房 配套成熟！,73,万13969元/O,3室2厅1卫,52.3O,低层(共16层),"['配套成熟', '近地铁', '交通便利']"
page9:,南大街56号小区,余杭临平南大街56号,首付10万，送18平，外地人可购，可可上学，对应好,89.7,万17940元/O,3室2厅2卫,50O,低层(共18层),['南北通透']
page9:,蚕桑西苑,江干九堡科技园九盛路,深夜挂牌，急用钱，拎包入住，捡漏房源，精装修，随时看房,105,万20621元/O,3室1厅1卫,50.9O,低层(共17层),"['近地铁', '繁华地段', '品质小区']"
page9:,人和家园,西湖留下天目山路1号,来电立减5万 房东急售 70年产 精装送车位 产权清晰可落户,88,万19439元/O,2室2厅1卫,45.3O,低层(共6层),"['品质小区', '配套成熟', '近地铁']"
page9:,红联九漾华庭西区,"余杭临平新城路,近永乐路",可议价！来电可以加！加急处理公司分配住宅房！三天内成交！！,99,万18000元/O,2室2厅1卫,55O,低层(共12层),"['繁华地段', '近地铁', '交通便利']"
page9:,红街天城,江干火车东站 新风路288号,首付10万 来点立减8万 精装修产权车位 拎包入住 近地铁,75,万16667元/O,2室2厅1卫,45O,低层(共6层),"['配套成熟', '南北通透', '拎包入住']"
page9:,云溪印象,"西湖转塘镇中路,近象山路",走遍天涯海角，能常伴你一生的，唯有一套好房。,74,万17620元/O,2室2厅1卫,42O,低层(共11层),"['近地铁', '南北通透', '送车位']"
page9:,田逸之星大厦,下城石桥华丰路60号,无需社保|带装修|赠送家具|赠送车位|即买即住,75,万15000元/O,2室2厅1卫,50O,低层(共11层),"['近地铁', '繁华地段', '南北通透']"
page9:,联合麦田,江干火车东站 范家路219号,惊现白菜价！首付10万！外地人可买 可落户 送20平,66,万14667元/O,2室2厅1卫,45O,低层(共11层),"['配套成熟', '南北通透', '送车位']"
page9:,树园小区,下城建国路建国北路426号,送30方大院子！！精装修拎包入住！房东诚心卖,175,万35846元/O,2室2厅1卫,48.8O,低层(共6层),
page9:,地铁万科杭行道,拱墅万达广场杭行路666号,68万 精装修 46平 满五 住房 南北通透 地铁万科杭行,71,万15435元/O,2室2厅1卫,46O,低层(共6层),"['繁华地段', '南北通透', '拎包入住']"
page9:,龙禧BOSS港,滨江彩虹城南环路4281号,面对大学城，地铁口300米，外地人可买，首付只要15万,79,万15800元/O,2室2厅1卫,50O,低层(共11层),"['近地铁', '配套成熟', '南北通透']"
page9:,创道国际洋人街,拱墅和睦塘萍路207号,您的一个明智决策 一辈子的寄托 幸福就在你一念间 满五采光好,82,万18223元/O,2室2厅1卫,45O,低层(共11层),"['配套成熟', '繁华地段', '南北通透']"
page10:,汇金江南府,桐庐桐庐城区江南路888号,房东急售 赠送30平 外地人可买 无需社保 可落户上学送车位,38,万7917元/O,3室2厅1卫,48O,中层(共12层),"['品质小区', '繁华地段', '安全性高']"
page10:,横桥沈合苑,"西湖转塘沈家路,近转塘横路",外地人可买，精装三房车位，产证清晰，可落户，来电立减8万。,106,万18929元/O,3室2厅2卫,56O,中层(共12层),"['品质小区', '环境优美', '配套成熟']"
page10:,紫瑞华庭,钱塘新区新湾南堤路,首付10万起，外地人可买，精装修带车位，送家电具，拎包入住！,55.85,万10741元/O,3室2厅2卫,52O,中层(共12层),"['近地铁', '品质小区', '环境优美']"
page10:,美达晓城天地,钱塘新区金沙湖金沙大道,外地人可买 房东急售房源 低首付价格可谈 近地铁 配套齐全,73,万13969元/O,3室2厅1卫,52.3O,中层(共12层),"['配套成熟', '近地铁', '交通便利']"
page10:,江东壹号,"钱塘新区义蓬义蓬中路,近义隆路",新上房源，精装修电梯房，70年产权产证齐全，可用公积金。,54,万10800元/O,3室2厅1卫,50O,中层(共12层),"['品质小区', '环境优美', '配套成熟']"
page10:,蚕桑西苑,江干九堡科技园九盛路,首付十几万，买杭州主城区，70年产权，无需社保，产权车位,103,万20228元/O,3室2厅2卫,50.9O,低层(共15层),"['近地铁', '繁华地段', '品质小区']"
page10:,西城博司,西湖西湖三墩振华路,你好，这是你的私人定制！精装修赠送18平  3室2厅只留给你,78,万15600元/O,3室2厅2卫,50O,低层(共15层),"['品质小区', '繁华地段', '配套成熟']"
page10:,新中花苑,萧山钱江世纪城新城路2755号,不限购不限购 外地人可买 独立产权 家电家具全配 随时看房,75.5,万18875元/O,3室1厅1卫,40O,低层(共17层),"['品质小区', '繁华地段', '配套成熟']"
page10:,七格幸福家园,"钱塘新区金沙湖七格路,近下沙路",满五  住房 七格幸福家园 3室2厅 130万 房东急置换,130,万22597元/O,3室2厅2卫,57.5O,中层(共12层),
page10:,中骏钱塘御景,"萧山钱江世纪城耕文路,近纬十一路",钱江世纪城，中骏钱塘御景，可落户杭州！低首付！南北通透！包税,100,万17912元/O,3室2厅2卫,55.8O,低层(共16层),"['繁华地段', '交通便利', '送车位']"
page10:,汇隆风林公寓,江干九堡客运站杭海路1109号,风林公寓 诚售钱塘二期 新上房东诚售 刚需自住精装两房,190,万32019元/O,2室1厅1卫,59.3O,中层(共16层),"['品质小区', '交通便利', '近地铁']"
page10:,翠苑一区,西湖翠苑学院路159号,翠苑一区 新上 精装两房     好房 公司聚焦,207,万48512元/O,2室1厅1卫,42.7O,低层(共6层),
page10:,东亚新干线,"江干火车东站 明月桥路,近天城路",东亚新干线 精装修拎包入住 朝南 房东自住 看房方便,105,万24083元/O,2室1厅1卫,43.6O,低层(共11层),
page10:,越秀星悦城,"临安青山湖星港路,近塘塍街",真实价格 青山湖核心板块 地铁口800米 电梯洋房送车位,180,万19399元/O,3室2厅2卫,92.8O,低层(共11层),"['南北通透', '推荐新房']"
page10:,乔司南街109号小区,余杭乔司乔司南街109号,房东急卖，七十年产权，地铁口精装住宅，总价58万，可上学。。,58,万11600元/O,2室2厅1卫,50O,低层(共16层),"['繁华地段', '配套成熟', '近地铁']"
page10:,香雪园,余杭塘栖市新街东侧,杜绝虚假！首付8万！精装70年产权住宅！无需社保！送车位包税,55,万12223元/O,2室2厅1卫,45O,低层(共12层),"['赠露台', '带花园', '地暖']"
page10:,宏丰家具城小区,余杭五常五常荆山湾88号,宏丰家具城小区精装修loft无需社保，外地人可买，来电送车位,59,万13857元/O,2室1厅2卫,42.6O,低层(共15层),"['繁华地段', '配套成熟', '近地铁']"
page10:,佳源锦晟里,"临安临安城区白泥路,近西墅街",（低总价）临安市中心 首开小面积住宅 锦城一线苕溪 配套齐全,96,万16217元/O,2室2厅1卫,59.2O,低层(共16层),"['南北通透', '繁华地段', '配套成熟', '推荐新房']"
page10:,崇化小区,"萧山城厢崇明路,近崇化路",朝南 4室1厅 57平 崇化小区 满二 采光好 周边商圈成熟,160,万27778元/O,4室1厅1卫,57.6O,低层(共6层),"['安全性高', '低密度']"
page10:,乔司南街109号小区,余杭乔司乔司南街109号,难得一遇！不限购！外地人可买可上学！产证清晰！精装拎包入住！,89,万17800元/O,2室2厅1卫,50O,低层(共15层),"['品质小区', '繁华地段', '交通便利']"
page10:,南苑二区(余杭),"余杭临平迎宾路,近人民大道",满五住房！2室2厅电梯房！来电减八万！近地铁！可过户！,95,万17593元/O,2室2厅1卫,54O,低层(共12层),"['交通便利', '配套成熟', '品质小区']"
page10:,明怡东方轩,萧山钱江世纪城明星路,急售 70年产权 精装两房 送车位 外地人可买 可落户上学,59.2,万14800元/O,2室1厅1卫,40O,低层(共16层),"['品质小区', '素质住户', '配套成熟']"
page10:,翠苑四区,西湖翠苑文一路437号,翠苑四区 30万精装修 53平 180万 采光好 紧靠学校,180,万33489元/O,2室1厅1卫,53.8O,高层(共7层),"['品质小区', '繁华地段', '安全性高']"
page10:,佳源锦晟里,"临安临安城区白泥路,近西墅街",临安区中心苕溪景观旁洋房品质购物方便交通便利可送车位不限购,100,万16838元/O,2室2厅1卫,59.4O,低层(共15层),"['南北通透', '近地铁', '繁华地段', '推荐新房']"
page10:,宏丰家具城小区,余杭五常五常荆山湾88号,首付12万，精装修    ，无需社保，地铁口200米，配套齐,57,万13387元/O,2室2厅1卫,42.6O,低层(共12层),"['近地铁', '南北通透', '送车位']"
page10:,西溪美岸,"余杭未来科技城文一西路,近荆常大道",杭州未来科技城精装修公寓，急卖，看房方便，近地铁，阿里旁,145,万26852元/O,2室2厅2卫,54O,低层(共17层),['南北通透']
page10:,红联九漾华庭西区,"余杭临平新城路,近永乐路",精装修 首付10万 70年住宅 产权清晰 无需社保 外地可买,72,万14400元/O,2室2厅1卫,50O,低层(共13层),"['品质小区', '繁华地段', '交通便利']"
page10:,"广济西路33,53,55号小区","余杭塘栖广济西路33,53,55号",捡漏 赠19平 地铁口精装修 离婚急售车位低于市场价急售,62,万12917元/O,2室2厅1卫,48O,低层(共15层),"['繁华地段', '南北通透', '拎包入住']"
page10:,南湖景秀湾,余杭老余杭木竹路,电梯房 满五  住房 2室2厅 采光好 周边商圈成熟,64,万16000元/O,2室2厅1卫,40O,低层(共13层),"['环境优美', '配套成熟', '近地铁']"
page10:,微时代城,余杭临平兴起路518号,地铁口带地暖好房南北通透，送价值30万法式装修，满五  住房,36,万9000元/O,2室2厅1卫,40O,低层(共12层),"['近地铁', '安全性高', '素质住户']"
page10:,城西宝龙广场,"余杭未来科技城绿汀路,近余杭塘路",（云城）未来科技城，双地铁口，双钥匙公寓，独立厨房，带综合体,135,万28724元/O,2室2厅1卫,47O,低层(共16层),['南北通透']
page10:,新盈名苑,"萧山新街戚枫路,近合欢路",看房十次，没买，被别人买了又发脾气。遇到心仪的别犹豫，赶紧买,98,万19600元/O,2室2厅1卫,50O,低层(共12层),"['品质小区', '繁华地段', '交通便利']"
page10:,中豪七格,"钱塘新区金沙湖下沙南路,近下沙路",东南金沙湖实验边上 70年产权 首付1层 赠送20平 精装修,75.2,万17205元/O,2室2厅1卫,43.7O,低层(共15层),"['南北通透', '交通便利', '近地铁']"
page10:,江滨路30号小区,萧山闻堰江滨路30号,"急售，外地人可买，来电立减3万，可落户,可上学，精装修车位.",62.2,万12416元/O,2室1厅1卫,50.1O,低层(共12层),"['次新小区', '近地铁', '繁华地段']"
page10:,中赢金城里,"萧山北干金城路,近博奥路",地铁5号线博奥路 中赢金城里 总价92w 满屋   南北通透,92,万18400元/O,2室2厅1卫,50O,低层(共15层),"['品质小区', '配套成熟', '交通便利']"
page10:,地铁万科天空之城(公寓住宅),"余杭仓前余杭塘路,近荆大线",（买它）未来科技城TOD网红大盘 4.8米精装loft公寓,225.55,万41010元/O,1室2厅1卫,55O,共4层,"['南北通透', '繁华地段', '配套成熟', '推荐新房']"
page10:,九龙仓君廷(别墅),余杭临平北康信路,稀 缺小户型，三证齐，能贷款，带车位，精装拎包住，非诚勿扰,76,万14902元/O,1室1厅1卫,51O,共4层,"['品质小区', '繁华地段', '南北通透']"
page10:,富春泉水湾(公寓住宅),富阳东洲江滨东大道,万科泉水湾3房2卫2厅精装修88方售价180万送车位边套户型,180,万20455元/O,3室2厅2卫,88O,低层(共11层),"['品质小区', '环境优美', '素质住户']"
page10:,阳光城市公寓,萧山瓜沥东灵北路,阳光城市公寓70年产权 亚运会体育馆旁 三开间朝南 纯毛坯房,199,万22166元/O,3室2厅2卫,89.8O,低层(共11层),"['配套成熟', '繁华地段', '交通便利']"
page10:,天汇园,萧山北干金城路411号,原本养老自住，装修得很好。但是疫情原因，要回老家，想趁早出！,76,万17799元/O,2室2厅1卫,42.7O,低层(共12层),"['近地铁', '品质小区', '环境优美']"
page10:,安居苑,桐庐桐庐城区体育场路73号,桐庐县实验幼儿园 迎春小学边上 安居苑 南北通透 总价44W,44,万8800元/O,2室2厅1卫,50O,低层(共15层),"['品质小区', '配套成熟', '交通便利']"
page10:,深蓝绿景国际,拱墅万达广场通益路861号,地铁口300米，首付10万，当天过户，70年产权，精装送车位,78,万18140元/O,2室2厅1卫,43O,低层(共16层),"['近地铁', '配套成熟', '环境优美']"
page10:,杭齿山北宿舍,萧山闻堰湘湖路44号,首付10万！在杭州安家 社保可解决 来电还减5万精装修送车位,75,万18029元/O,2室2厅1卫,41.6O,低层(共15层),"['繁华地段', '配套成熟', '交通便利']"
page10:,新乐公寓,萧山新街商贸路479号,坎山双地铁口 新乐公寓  送45万全新装修  送双阳台,195,万15235元/O,3室2厅2卫,128O,共5层,"['繁华地段', '配套成熟', '次新小区']"
page10:,桃花源迎霞苑,余杭闲林东西大道,桃花源房东50万精装修 首付低 得房率高 房东置换 诚心出售,100,万22666元/O,6室2厅2卫,44.1O,共5层,"['品质小区', '素质住户', '低密度']"
page10:,港中旅灵峰原著小镇(别墅),杭州周边湖州梅灵线,央企品质 自带百亩天鹅湖 豪装装修 配套成熟 运行2年！,188,万13526元/O,3室2厅3卫,139O,共3层,"['品质小区', '环境优美', '配套成熟', '推荐新房']"
page10:,横桥沈合苑,"西湖转塘沈家路,近转塘横路",火！三成低首付！可落户上学！ 外地人可买，送车位，交通便利！,81.5,万16300元/O,2室2厅1卫,50O,低层(共12层),"['品质小区', '繁华地段', '交通便利']"
page10:,华彩名府,"钱塘新区新湾新湾路,近闸口路",房东直售|首付18万|无需社保|送精装|送车位|机不可失,80,万16000元/O,2室2厅1卫,50O,低层(共13层),"['品质小区', '繁华地段', '交通便利']"
page10:,丰润家园,"萧山北干博学路,近金鸡路",自己叔叔的房子！精装修未入住的！急用钱周转公司，首付10万！,80,万14815元/O,2室2厅1卫,54O,低层(共12层),"['近地铁', '交通便利', '南北通透']"
page10:,越秀星悦城,"临安青山湖星港路,近塘塍街",青山湖科技城 越秀品质 买房送车位 电梯洋房 送花园 近地铁,180,万18776元/O,3室2厅2卫,95.9O,低层(共11层),"['南北通透', '品质小区', '近地铁']"
page10:,微时代城,余杭临平兴起路518号,地铁口带地暖好房南北通透，送价值30万法式装修，满五  住房,36,万9000元/O,2室2厅1卫,40O,低层(共12层),"['近地铁', '配套成熟', '环境优美']"
page10:,沁园雅舍生活馆,江干闸弄口机场路163号,（低价捡漏）！70年产权住宅房 可落户可上学无需社保外地可买,80,万17778元/O,2室2厅1卫,45O,低层(共13层),"['近地铁', '配套成熟', '繁华地段']"
page10:,金峰小区,"钱塘新区义蓬金蜂四路,近义蓬中路",首付10万 安家杭州 外地可买 可落户上学 精装两房 送车位,51,万11861元/O,3室1厅1卫,43O,低层(共19层),"['品质小区', '繁华地段', '配套成熟']"
page10:,中赢金城里,"萧山北干金城路,近博奥路",5号线地铁口 金慧初中边上 中赢金城里 楼层好 总价92万,92,万18400元/O,2室2厅1卫,50O,低层(共12层),"['品质小区', '配套成熟', '交通便利']"
page10:,华彩名府,"钱塘新区新湾新湾路,近闸口路",新上无税，首付8W，落户上学可办！20W精装修。急求脱手！,80,万16000元/O,2室2厅1卫,50O,低层(共14层),"['品质小区', '繁华地段', '交通便利']"
page10:,丰润家园,"萧山北干博学路,近金鸡路",业主急售，首付8万，来电车位，精装修家电家具，解决社保！,80,万14815元/O,2室2厅1卫,54O,低层(共12层),"['近地铁', '交通便利', '南北通透']"
page10:,新盈名苑,"萧山新街戚枫路,近合欢路",首付10万 外地可买 房东急售 价格美丽 来电可谈 送车位,75,万15000元/O,3室1厅1卫,50O,低层(共16层),"['品质小区', '配套成熟', '交通便利']"
page10:,越秀星悦城,"临安青山湖星港路,近塘塍街",青山湖科技城越秀地铁口附近买房（车位）火爆认购先到先得,196.3,万20476元/O,3室2厅2卫,95.9O,低层(共11层),"['交通便利', '繁华地段', '配套成熟']"
page10:,绿都南江商业中心,萧山蜀山市心南路1038号,送车位！临平地铁口！首付8万！业主急售！外地人可买！精装包税,51.5,万12561元/O,2室2厅1卫,41O,低层(共12层),"['近地铁', '素质住户', '环境优美']"
page10:,中赢金城里,"萧山北干金城路,近博奥路",地铁五号线博奥路 中赢金城里 总价92w 满屋 南北通透,92,万18400元/O,2室2厅1卫,50O,低层(共12层),"['近地铁', '配套成熟', '品质小区']"
